date_mesure,C,B,A,D
2001-11-29,0.3082611793214798,1.482104654228058,0.6722885925552085,1.9195235617792266
2001-12-06,0.30210622274107,1.432955340293112,0.6545701936451391,1.872186468371233
2001-12-13,0.2849328712947883,1.452959579508709,0.5679357283542135,1.826401648236446
2001-12-20,0.2839273177532736,1.5258985611959344,0.5526101025122696,1.8630557579056326
2001-12-27,0.37279287599054034,1.4953925671487385,0.9306153835243789,1.891068349628668
2002-01-03,0.5475093908008928,1.463262329041821,1.0004673154105341,1.8510623658784464
2002-01-10,0.58178648522281,1.4543703613853756,0.907070623954582,1.849452803519135
2002-01-17,0.6425322724343132,1.5325882415398746,0.9209141968784831,1.8850700905054993
2002-01-24,0.6293632398866468,1.5073392001992008,0.9082526732430614,1.8675334837752358
2002-01-31,0.6888742925679869,1.5361659777170695,0.9289953798292561,1.8781338601988893
2002-02-07,0.7135676621012393,1.5301106163110938,0.9041539474724744,1.8735134482019054
2002-02-14,0.8022431160322276,1.5537086032486085,1.02255845705337,1.9569032546201983
2002-02-21,0.9485450380567715,1.626795991944779,1.2822582996130236,2.0386249237329395
2002-02-28,1.0796018868962125,1.6335170167983393,1.3872709011443676,2.1121450094850562
2002-03-07,1.1119491927072302,1.6354027137243519,1.3123608301771172,2.1066858374730932
2002-03-14,1.122581159600164,1.6741788899532517,1.2593606019494676,2.224598821171091
2002-03-21,1.1189226848717126,1.6183436948592234,1.1740639816272216,2.2601447678962225
2002-03-28,1.0895991925077069,1.6775990805086203,1.0560972919161147,2.3097972820882786
2002-04-04,1.0074527865667866,1.6943270223421731,0.9414470653914853,2.3244125392312425
2002-04-11,0.8977071036835801,1.6690868295529797,0.8153720332291265,2.3024610566564956
2002-04-18,0.7511370275617678,1.5870648972027857,0.5138813345499827,2.1035382588216702
2002-04-25,0.6957384783745724,1.6174446055247904,0.4381766882362246,2.0545718021859543
2002-05-02,0.5927530476470693,1.5878894025101236,0.338694262680028,2.0385853076799734
2002-05-09,0.5405768838393514,1.6069411771654631,0.3138285258303477,2.092806565243667
2002-05-16,0.49176306728198926,1.6562955735937752,0.3107732082900736,2.1059155471948787
2002-05-23,0.4210759839963435,1.6558115292156388,0.3163256961749684,2.1052571552571626
2002-05-30,0.3537740686523988,1.650856755770182,0.27845805792362743,2.0465129736823195
2002-06-06,0.4156458051031805,1.6654036192363175,0.5053523705160317,2.062882093186463
2002-06-13,0.34972598104705,1.6232686849391937,0.23098839157064965,1.9382603719594598
2002-06-20,0.2635856289937042,1.5902564789905864,-0.01479788084528677,1.8088291663003853
2002-06-27,0.1781982055024054,1.590254553876548,-0.3839079966191926,1.7208424525060637
2002-07-04,0.08729381296854966,1.541305583682723,-0.3882082999424795,1.7217269248082758
2002-07-11,-0.005661134656281708,1.522103161796386,-0.3866858535586286,1.6053834527738173
2002-07-18,-0.1108949788769878,1.4440599053022596,-0.7466793148402918,1.4284484260345214
2002-07-25,-0.21516829168286652,1.4272276455502004,-1.0550307466738782,1.3443467086335648
2002-08-01,-0.2994999209434551,1.4690918411129699,-0.9736136867877888,1.4193045540476268
2002-08-08,-0.3703410910183671,1.4930063013053732,-0.8190904084309774,1.4303087348888404
2002-08-15,-0.4558413598331531,1.4449817027365102,-1.032715719281911,1.3432436184988963
2002-08-22,-0.49749372216669674,1.4537894868238057,-0.866361983139699,1.3486672572752392
2002-08-29,-0.49614684150230853,1.4674833999894312,-0.5489117152278706,1.380477359611575
2002-09-05,-0.519717693769983,1.4840271940076948,-0.5138839052312991,1.3735699256327683
2002-09-12,-0.5662023234213631,1.4581723326351739,-0.5309248477648694,1.333337742229621
2002-09-19,-0.6197419378088791,1.4664222488743337,-0.4931764907711488,1.2946425459393434
2002-09-26,-0.6466404980620302,1.4226071699497083,-0.557087962245153,1.2517025625912606
2002-10-03,-0.6864032289243331,1.4354940529528655,-0.5417427549669172,1.2317627830359756
2002-10-10,-0.7042782049059363,1.4344540321504118,-0.5192709991587215,1.2506821595675726
2002-10-17,-0.7220596917239938,1.4532550934717778,-0.43025136894632,1.228695547009926
2002-10-24,-0.6702467594692347,1.3832971805169822,-0.07658840759068342,1.229168591218638
2002-10-31,-0.5925906732445803,1.383826142103047,0.13834599608741815,1.2088688421384823
2002-11-07,-0.20699695849968391,1.533811366309596,0.7228492601879128,1.3051428718160594
2002-11-14,0.1190895342948306,1.5182697920301051,0.8331127714370552,1.3019808556416634
2002-11-21,0.2703131999782653,1.5199831398687744,0.9135427230415136,1.3438836669597773
2002-11-28,0.5605714011655525,1.5011952875591903,1.095567206599003,1.3483073281249431
2002-12-05,0.7268667295328664,1.500664241828542,1.0928908919658933,1.3474418236806351
2002-12-12,0.7857202185321954,1.5163757698501175,1.0881201130251577,1.3738732824245221
2002-12-19,0.9745589685052319,1.556669173209207,1.3171182190926103,1.4413438080608079
2002-12-26,1.270622517254482,1.63785735425122,1.5372956433505103,1.5521841139478563
2003-01-02,1.6506584643712958,1.659468615283976,1.7077335175066486,1.660101750291544
2003-01-09,1.6892271904318812,1.5773228164658517,1.5783185845196375,1.6539893673871573
2003-01-16,1.7029859844202986,1.719767568138321,1.4905158005758263,1.7872663736961256
2003-01-23,1.6091750240088067,1.6423633164357003,1.4289267474176242,1.825004589246531
2003-01-30,1.8037285068756628,1.7720727884276064,1.6809060938696616,1.9379715600988745
2003-02-06,1.9872477174158814,1.7302175235115755,1.7736876727077193,2.007648948349787
2003-02-13,1.959442860901034,1.7507812449306535,1.635123154812186,2.0619184117026896
2003-02-20,1.8823740695147537,1.7886294859937857,1.4917660565493525,2.107196275920811
2003-02-27,1.7973903872743926,1.8003472301870214,1.3647926052606631,2.166154677371096
2003-03-06,1.7830607851909495,1.7943166776880726,1.271420789173837,2.172999545825716
2003-03-13,1.673739842868043,1.767932643099102,1.1300738830635126,2.154754566026725
2003-03-20,1.6077946007491721,1.8113149819011634,1.0133531123128485,2.133956648799159
2003-03-27,1.5184497707366689,1.8217628848963232,0.9042675111583849,2.0805911489637023
2003-04-03,1.4020460217383226,1.7395053901174025,0.7521714846807437,1.9879771575037215
2003-04-10,1.2985708678037418,1.7360399415069403,0.5816866734862616,1.8469021089309794
2003-04-17,1.1733354279909252,1.6611703333418886,0.31514296936434893,1.5825141164550542
2003-04-24,1.0810352698952939,1.691582598410183,0.24603151793999445,1.643483965952821
2003-05-01,1.0361018043100334,1.704172609964779,0.4362158092101852,1.7686794613339216
2003-05-08,1.0843417935402835,1.7026102158416314,0.4965012691316162,1.7467971143625531
2003-05-15,1.0430208521012057,1.7163284084835264,0.4177063600134565,1.7082991009496484
2003-05-22,0.9881977781993376,1.723086741963734,0.43988024869180453,1.7192184194807034
2003-05-29,0.9095644565962084,1.6704799157129342,0.2882694726611471,1.5905238294609183
2003-06-05,0.8421985124377461,1.6547938837320677,0.2968873424842692,1.599717031073919
2003-06-12,0.7597237236328108,1.5872790957191603,0.11245947132311229,1.4417198101082138
2003-06-19,0.663518047210528,1.507329552210318,-0.30168764279493254,1.3152680420673675
2003-06-26,0.572312860621211,1.5283978837365253,-0.3794771347295871,1.3499301179608914
2003-07-03,0.4422915665801305,1.4187945133091633,-0.41313425998521947,1.3582353578001531
2003-07-10,0.3265437021134264,1.365788121880991,-0.7887651416466339,1.138075907023472
2003-07-17,0.203301972542191,1.323183240716416,-0.9492040405551748,1.130720198519331
2003-07-24,0.11236462356822755,1.3372664706336272,-0.9966099239733914,1.146299393927255
2003-07-31,-0.012837950516017035,1.263615559369213,-1.2058854442753257,0.9615962792754718
2003-08-07,-0.16280474362700054,1.2206288320454317,-1.5793008245880693,0.7294917913365561
2003-08-14,-0.2720383400099238,1.2060106895947615,-1.5708013431221817,0.8230723388191739
2003-08-21,-0.3564269255757614,1.1775412822658784,-1.5819963080265695,0.8649313268851695
2003-08-28,-0.4382638225736607,1.2003702882960603,-1.4734389245011144,0.7650957263767225
2003-09-04,-0.47488915553285815,1.2874765118378435,-1.3355235779763366,0.8633612038340962
2003-09-11,-0.5237669370526771,1.2916430326169148,-1.147813603652804,0.8849496200381246
2003-09-18,-0.5799121272052307,1.3059929696398327,-1.138161766102785,0.8681174325356212
2003-09-25,-0.6097180610624993,1.3431031470542132,-1.061101708378277,0.8799017590915019
2003-10-02,-0.657038565030439,1.337446373049174,-0.9777535905883366,0.8594541624254003
2003-10-09,-0.7076543529385974,1.3050034739484033,-0.86927815867964,0.8400814715276519
2003-10-16,-0.7368427590587636,1.3368118949847365,-0.7904231032570257,0.8426010109650183
2003-10-23,-0.7791725984517482,1.3224814394600104,-0.6910860845766656,0.8248020607752276
2003-10-30,-0.7588881543340312,1.3414346073495926,-0.46762511247117744,0.874551464549063
2003-11-06,-0.8000751765741252,1.2880975147211604,-0.41962368080700696,0.8084041106602348
2003-11-13,-0.8018407764370661,1.2889180630184884,-0.36203222783407374,0.7637890343292949
2003-11-20,-0.7620393714370604,1.3341041996080645,-0.25573944607581606,0.7896612370495175
2003-11-27,-0.7213663759111739,1.3178608959653846,-0.015684339821619875,0.824536496188988
2003-12-04,-0.5262705830363739,1.2755635831934464,0.33171237736100256,0.8091784650005509
2003-12-11,-0.42298458182622617,1.2665097335411393,0.3812360960397471,0.785999217515998
2003-12-18,-0.3350856204004735,1.260431963017886,0.47387338651821903,0.7794923663153102
2003-12-25,-0.11551225863778714,1.2962701325182082,0.7017635897556589,0.8286875813427351
2004-01-01,0.04018658028316946,1.2823467783424884,0.6741961492081481,0.7201546613414688
2004-01-08,0.2742319553743543,1.3520693219941655,0.9032838523977639,0.7829764048536011
2004-01-15,1.0139249830427208,1.40142788672257,1.2911546078230094,1.0100056472357712
2004-01-22,1.3871419700270375,1.4462904944016561,1.4489707581428914,1.1179270552167038
2004-01-29,1.5620198511583332,1.3966652190678697,1.4329677131721061,1.1767848991769627
2004-02-05,1.5338829036329813,1.3737165772804583,1.3167621276664048,1.2152633784027325
2004-02-12,1.450080176670836,1.3723152664979246,1.1560951114856624,1.2556211465634657
2004-02-19,1.4403756778186736,1.440015470909248,1.1793723351453997,1.3120441575760529
2004-02-26,1.3720025688960877,1.3944800983053305,1.1093495226240413,1.321324343830135
2004-03-04,1.3120046713865456,1.3887565049762745,1.0231160935345658,1.3172849748409143
2004-03-11,1.303049284041489,1.391889514587888,1.0540516023212827,1.3479993796402194
2004-03-18,1.304278085644949,1.4063652976072174,1.0481850121856433,1.336803211736084
2004-03-25,1.2728173185132408,1.3975949266647547,0.9709640388579327,1.3002317060555986
2004-04-01,1.2129239793933098,1.3417788803780353,0.9390300035413696,1.3582970945729702
2004-04-08,1.1358339966285067,1.3360207705226288,0.8475431271281764,1.3098680827857607
2004-04-15,1.1137626548883917,1.3899690306012533,0.7794541955461631,1.3094188536179923
2004-04-22,1.0261502865053176,1.3133563811637419,0.706920122451596,1.2268040538687819
2004-04-29,1.0695068537351837,1.386468766941844,0.9196967482287808,1.2701366152450333
2004-05-06,1.0072822196003057,1.338732947381374,0.894181346058842,1.2298913091053365
2004-05-13,0.9168337818209179,1.239469445242133,0.692509518962204,1.1284506659686029
2004-05-20,0.833242848696963,1.166618179903909,0.4388248758449221,0.9640688757462044
2004-05-27,0.7395788217356215,1.1935367012814662,0.26275564285970665,0.8215679845088586
2004-06-03,0.6464730307215034,1.1608913034536998,0.05988357625959484,0.6440857307113657
2004-06-10,0.5292759061666332,1.0586457039415311,-0.2523584055064179,0.4736947412516127
2004-06-17,0.4622219049823405,1.0493886768061593,-0.5204773493399013,0.4875614544831005
2004-06-24,0.34072689694617264,0.9907821651824492,-0.6806888794329528,0.5135527882056866
2004-07-01,0.23192327954110575,0.962166675544091,-0.9345987243495479,0.4143332084312907
2004-07-08,0.11432996484834483,0.9956978855162997,-0.8970712294294927,0.513726054067905
2004-07-15,0.042693052002577295,0.9703451224494664,-0.8620979552864939,0.42569516340429164
2004-07-22,0.052291786094828624,0.9219485735695968,-0.9442836009032102,0.38414803333032077
2004-07-29,-0.053290533180261834,0.8575119342213015,-1.230379124097265,0.18842102959618667
2004-08-05,-0.044157310808212474,0.8764544026731276,-1.0834958226193196,0.29069184284040805
2004-08-12,0.02364016786090921,0.9283636659550832,-0.6809254623511332,0.4038099050548181
2004-08-19,0.010675229965433464,0.933528194462256,-0.47223929899415495,0.41645379771195457
2004-08-26,-0.0271459380695738,0.9179183614768933,-0.45273786414161077,0.4184002541746242
2004-09-02,-0.09860106667453966,0.8726729545407358,-0.5339045929867299,0.303786504032606
2004-09-09,-0.15296957014022425,0.8535178898953045,-0.5718635148754962,0.3481978578410956
2004-09-16,-0.23173123577542087,0.8697889328723731,-0.5751448744271713,0.3123465724988437
2004-09-23,-0.285124890393281,0.8692299315252418,-0.5973187760645141,0.23315524393742343
2004-09-30,-0.34542138877895295,0.8698765198781855,-0.6313379284333763,0.27457719162660443
2004-10-07,-0.36328288111041884,0.8905181776311325,-0.5018447474282522,0.30749726923608717
2004-10-14,-0.3271371950104469,0.920646544591465,-0.3232456299040296,0.3323435529092468
2004-10-21,-0.31786540264444685,0.8831243758029759,-0.2517327126732706,0.3111752114659068
2004-10-28,-0.3323843688851778,0.8416224741907479,-0.22945320874221725,0.3244942864614234
2004-11-04,-0.374110783774864,0.8310457208341716,-0.21324748468905486,0.30678917474663114
2004-11-11,-0.4087621956148145,0.791854498401979,-0.21144319497323502,0.28245175499520475
2004-11-18,-0.41786378010749053,0.8208807831924265,-0.1803757163852711,0.28445605572560195
2004-11-25,-0.4283108444729222,0.8440622726819863,-0.1298306609567752,0.2851065011514391
2004-12-02,-0.47923298227259703,0.7963503729370761,-0.14970410278612284,0.25573032427352715
2004-12-09,-0.509894203105038,0.7945211721596663,-0.16413236886159552,0.23944520154737714
2004-12-16,-0.46642880970394857,0.854052798567547,0.0017856300189609542,0.2600713232939109
2004-12-23,-0.32982741800541665,0.8446357952878856,0.34134935941565775,0.25190979328055174
2004-12-30,-0.2341774419974058,0.7628193263010676,0.4090753039951418,0.20938107368373043
2005-01-06,-0.13321121734512942,0.7839496424733912,0.4403584106467295,0.23527082531917493
2005-01-13,-0.06531660138833728,0.7986257497248259,0.41654863811839865,0.23502116342157772
2005-01-20,0.14919850397083267,0.7888019329571987,0.6977482881452031,0.2810661663048361
2005-01-27,0.4029466966638342,0.7303177211332382,0.8618600979348578,0.27946796150112874
2005-02-03,0.4583379779311495,0.7678805743065522,0.7505383717549288,0.26460816843102736
2005-02-10,0.49624802823495484,0.8046349151855622,0.7771161885918564,0.2874092438521514
2005-02-17,0.5757559024755223,0.803641130928011,0.8516081416712228,0.26136261851042675
2005-02-24,0.5933856846774348,0.7857809485521488,0.7724198021447723,0.25695616466241694
2005-03-03,0.5621350819652249,0.7135387520097527,0.6184228209357234,0.2338447741629538
2005-03-10,0.5785374211746614,0.7594390674592505,0.6261983530868993,0.2519254812645468
2005-03-17,0.5539785311903648,0.7512114883212784,0.5176786881037874,0.21669140884790067
2005-03-24,0.5465101252576994,0.7687365588566555,0.5367409931213498,0.23560580495559036
2005-03-31,0.5340725525732077,0.7261844834083886,0.5297932227761359,0.2169680320243073
2005-04-07,0.6012046860919679,0.7501407614361552,0.5606398622178931,0.2135389220520797
2005-04-14,0.6323200772267425,0.7877204250954543,0.5868658005626497,0.21343710479275363
2005-04-21,0.5931499541598529,0.6901193004377819,0.5747049929222886,0.20149905061115625
2005-04-28,0.555707548976908,0.6538777574698542,0.5321794707902412,0.17949003585373652
2005-05-05,0.4859943060848078,0.5925819841663564,0.39179213586109624,0.14734485802943792
2005-05-12,0.44571592852987707,0.6319372701108085,0.3540751820025794,0.1277698681866773
2005-05-19,0.3990904722890287,0.6104773987053631,0.22991789601172558,0.0278574759957102
2005-05-26,0.3075196004412801,0.5548040908807039,-0.05106621597865643,-0.3153724013364727
2005-06-02,0.21945479766655313,0.5627974027389154,-0.2848473986418449,-0.39886046048487556
2005-06-09,0.13185980834429212,0.5300133439583483,-0.5059859518833414,-0.4860123137304086
2005-06-16,-0.0006434585151310346,0.43549350991335095,-0.9699446246784722,-0.5838495367049605
2005-06-23,-0.11620662966934453,0.4318794328589359,-1.1417626965438612,-0.5072264289628404
2005-06-30,-0.22797260563541744,0.46923810378488245,-1.0643367814633573,-0.3479746794848793
2005-07-07,-0.33785637313493655,0.45974934932279254,-0.9767586749809367,-0.28225384595988146
2005-07-14,-0.40560008392492736,0.3891805061187211,-1.2067425462627197,-0.5025982077832228
2005-07-21,-0.4858024234522463,0.40778250004131733,-1.3113042906541295,-0.487375946690693
2005-07-28,-0.5500051136469707,0.40011476437162175,-1.2407987269815441,-0.48834007628641796
2005-08-04,-0.6227756733712544,0.35435073448255716,-1.3645943400256892,-0.5852010626117292
2005-08-11,-0.7243466134453123,0.3126614870670835,-1.59170674030256,-0.6623806882525632
2005-08-18,-0.8019180441107464,0.28460113604317017,-1.5806550565323683,-0.6357899813261249
2005-08-25,-0.8591346196627612,0.2948448009603051,-1.5002185996970536,-0.5557454629966476
2005-09-01,-0.9056227950267969,0.2920668526089961,-1.5411850433979062,-0.6126274584251233
2005-09-08,-0.9376411967825019,0.33892188800184864,-1.3809430551676072,-0.5608877692658567
2005-09-15,-0.9684389461197791,0.33234986006033007,-1.241727083116586,-0.5321322645411937
2005-09-22,-1.0066127913597986,0.32740606764824587,-1.2575782252072867,-0.5687341598457885
2005-09-29,-1.0493575270379925,0.3202890784451339,-1.171359393819475,-0.5633581432395917
2005-10-06,-1.0733745486230568,0.3341115830622582,-1.1494552118582049,-0.5347208629888619
2005-10-13,-1.1204468883252092,0.3261772800671635,-1.13637309151005,-0.5501112603372158
2005-10-20,-1.1651158557964332,0.3355088032165884,-1.0285031650404874,-0.5058634605846605
2005-10-27,-1.2052564817319749,0.31191825861754807,-1.0563380316532687,-0.5109895968811003
2005-11-03,-1.2311882755282073,0.32145856359916347,-0.9893899313826082,-0.5247893962617315
2005-11-10,-1.250436326788136,0.31100056788986685,-0.918923861559868,-0.5210618377627039
2005-11-17,-1.300353641008647,0.2556127067764351,-0.8540722188276847,-0.5571091526380698
2005-11-24,-1.2733914903049484,0.34454110322295883,-0.7324005105883229,-0.5135758931556176
2005-12-01,-1.2518330275586331,0.3258592177932699,-0.5541782459396192,-0.5155119036840283
2005-12-08,-1.2312625591909205,0.2645086968587829,-0.4346471704504752,-0.5600686554973194
2005-12-15,-1.216491248874826,0.27603661397396173,-0.43564230022055317,-0.5466168224624912
2005-12-22,-1.2275031908275391,0.2860546031601505,-0.4612705170726298,-0.5625137905134829
2005-12-29,-1.214062953865783,0.2759798799303738,-0.35947856761885866,-0.554286607866388
2006-01-05,-1.139332565948948,0.24414972158376808,-0.1860232503724405,-0.5363618484963166
2006-01-12,-0.9830362905991021,0.26002193547507346,-0.09248913844548226,-0.5264148177522581
2006-01-19,-0.9035814945453418,0.21763045043449097,0.02516438088377182,-0.5429338644402831
2006-01-26,-0.8201111075700251,0.2311006124349398,0.04756200473849426,-0.5336559150643572
2006-02-02,-0.7843493799250622,0.20291915233473767,0.012908265966977112,-0.5546851347103348
2006-02-09,-0.7549480854043025,0.20250053497434037,-0.038186327418219534,-0.5587504176655246
2006-02-16,-0.4601706494541667,0.27018245471293545,0.5396986230281556,-0.46543000050831734
2006-02-23,-0.12841345537875,0.2218077291999785,0.7617869816564697,-0.5078674647061662
2006-03-02,0.19957829495848037,0.25941290423927876,0.9519747522898427,-0.4635628053526007
2006-03-09,0.669305691023849,0.23779447912748258,1.072233294118881,-0.4292892866969128
2006-03-16,0.8007087331709937,0.24872188613677593,0.9729761157672945,-0.4495360854909237
2006-03-23,0.8757277179501278,0.25909852202118155,1.0946042359839465,-0.3897690012402171
2006-03-30,0.9766687582052497,0.242300299804439,1.0571807850177635,-0.3640611222233292
2006-04-06,1.0249220326700952,0.22964240075354708,0.8939757140025532,-0.37494145480574237
2006-04-13,0.9972329130175303,0.2271752456878438,0.7554452367763018,-0.40821978411529025
2006-04-20,0.9187395769594181,0.20906157214351143,0.5777906618702693,-0.4522081143087515
2006-04-27,0.832735999208833,0.20768191718097212,0.43283012752095223,-0.5507860228485133
2006-05-04,0.7315728554903681,0.18055798819655702,0.29619029260331686,-0.5979880899249844
2006-05-11,0.6534000253587365,0.177131889197132,0.2816976044840418,-0.542206305866854
2006-05-18,0.5937551642442326,0.21390628055124547,0.23699302850939413,-0.5613414046233463
2006-05-25,0.44337430346777296,0.14599556450380208,0.09703234243049737,-0.6840705618745909
2006-06-01,0.33596992138229137,0.09351376623946667,-0.15908431864947276,-0.769691779820927
2006-06-08,0.22504416115713038,0.007092725620689355,-0.5928322021981087,-0.9702503334777524
2006-06-15,0.11234003823701133,-0.07869594412809233,-0.9253024004209149,-1.0215603515061673
2006-06-22,0.01701745378643882,-0.08343240614752301,-1.0981479534777192,-1.0085765746425774
2006-06-29,-0.11190251613813862,-0.1414343488981728,-1.2645143245288635,-1.0584759278403868
2006-07-06,-0.24600707433631286,-0.134687409707816,-1.3901530303680842,-1.0197443630388885
2006-07-13,-0.3922404310475173,-0.17625951101824422,-1.6082862461853336,-1.1071834653081853
2006-07-20,-0.5030326379185645,-0.17146817444293816,-1.6658916507783936,-1.122909476787708
2006-07-27,-0.5962106618211798,-0.18587703464794836,-1.6292877063513331,-1.09236996168014
2006-08-03,-0.6646480318613702,-0.19083063710782588,-1.5943205798295714,-1.0839530491031588
2006-08-10,-0.7395006684284424,-0.1762903072117501,-1.6084749197539119,-1.103231777458271
2006-08-17,-0.8090913730575146,-0.15657949311762975,-1.5884903355643174,-1.0280849827536556
2006-08-24,-0.86907329074139,-0.18279668592803133,-1.6110138363070634,-1.0316230580943653
2006-08-31,-0.9078492002828072,-0.18448138294926786,-1.5987299492072,-1.0473982098323202
2006-09-07,-0.9684923253661135,-0.20921438440451023,-1.6470481684540643,-1.0725704269574292
2006-09-14,-0.9728938185690382,-0.16788045300835486,-1.391943801633892,-1.0186174183214498
2006-09-21,-0.9560551443497028,-0.16188635142809316,-1.1722400216907494,-0.9955089140372952
2006-09-28,-0.8774029736137197,-0.1524269955167865,-0.9299572984058007,-1.0055332761922422
2006-10-05,-0.6242552280184608,-0.15546064624713496,-0.4700424282163278,-1.0047401834120775
2006-10-12,-0.6030172335877811,-0.23751800586837396,-0.509003942356229,-0.9993651701716235
2006-10-19,-0.5787486542762934,-0.14396119397258061,-0.4219365756029333,-0.9710919429054459
2006-10-26,-0.5982736668929673,-0.18941415583353077,-0.3750443894234716,-1.0078469423517429
2006-11-02,-0.6218841378005578,-0.2359957915729778,-0.42446504243123284,-1.010193318315228
2006-11-09,-0.6241692880331907,-0.20111422399464762,-0.45249132261935876,-0.9950201652625579
2006-11-16,-0.6347008475557292,-0.15380929083063244,-0.38046562345377327,-0.9842985507257367
2006-11-23,-0.5584013335041998,-0.23591129022219026,-0.05992366379026842,-0.960380205642672
2006-11-30,-0.3980629495653222,-0.27942670675234893,0.10950879981100142,-0.9680283097127764
2006-12-07,-0.23829833471304016,-0.2779167141556989,0.28142150073377614,-0.9198453033659975
2006-12-14,-0.11687931356200687,-0.3078855859328574,0.3020618086838326,-0.9769748988968505
2006-12-21,-0.08562261355596484,-0.33061575693790735,0.21012885214618177,-0.9817584080569036
2006-12-28,-0.04181408768839842,-0.2825882028572224,0.2173534970880341,-0.9458633695510654
2007-01-04,0.09081966702947675,-0.2442512220705289,0.4327680796456997,-0.9029613779016661
2007-01-11,0.17301735091285678,-0.2588343053287742,0.4792884859510074,-0.9087924656306378
2007-01-18,0.31345009390296996,-0.16107144032235532,0.5547584130580429,-0.8679483283627356
2007-01-25,0.4553238194218705,-0.21641823356324805,0.6692218237982994,-0.8800904623351103
2007-02-01,0.5729757876050423,-0.20009493856979954,0.6702934067368,-0.8991109524490027
2007-02-08,0.7059257273107892,-0.15002866906477802,0.8239046075629326,-0.8008254563449876
2007-02-15,0.8762940955236362,-0.17083689969652904,0.9846916004548641,-0.7957509573276149
2007-02-22,0.9311191220151651,-0.1521393719727,0.8876888957536831,-0.7580117347380276
2007-03-01,1.2910458146524761,-0.10891927511286159,1.2566711711419918,-0.636857541418552
2007-03-08,1.4439092883463536,-0.18227394674044928,1.1791437999298897,-0.661735467960888
2007-03-15,1.5180747725181905,-0.11861530064994585,1.0299130324075603,-0.6518188214084345
2007-03-22,1.4668870394366216,-0.11801858824599654,0.8770832498281729,-0.6426936518636537
2007-03-29,1.4098090167614614,-0.12452686351570957,0.7538499730794127,-0.6122266644410166
2007-04-05,1.3151054479899273,-0.15087443605614687,0.5923644145490004,-0.6652926670883998
2007-04-12,1.2343233375131715,-0.16831479039376962,0.44263197687350075,-0.6585572509648595
2007-04-19,1.1167733910509474,-0.22283755086885465,0.15303516925757024,-0.8805215180677977
2007-04-26,1.018164657500856,-0.25597839606480643,-0.08396467609688454,-0.9540559872238042
2007-05-03,0.9016300532881972,-0.25688751791409503,-0.12324194754467155,-0.9922122446085615
2007-05-10,0.8117515260708278,-0.2384375904876307,-0.15466677551374572,-0.8883248450350689
2007-05-17,0.7064554444015277,-0.2608106613464549,-0.15170681239851214,-0.8568173803906065
2007-05-24,0.6727114145285396,-0.23000630219304882,-0.11564965814195172,-0.8329430651953205
2007-05-31,0.5884110527037498,-0.26580949241051055,-0.085565531889765,-0.8201922292773661
2007-06-07,0.5181063600340488,-0.2810998568111326,-0.14354975279538026,-0.8327181661666241
2007-06-14,0.5047093680517603,-0.25322050505211574,-0.014953948112408078,-0.7860683569337963
2007-06-21,0.46682195367729135,-0.25687216150462233,0.04028420359472644,-0.774344873784123
2007-06-28,0.4002152358535466,-0.26251904653896974,-0.03797683066122703,-0.7700837603015266
2007-07-05,0.3348237764705806,-0.28326386897688605,-0.06235143220511037,-0.776603524286723
2007-07-12,0.28620745624371785,-0.306042307526185,-0.03760281573575443,-0.8125593708881023
2007-07-19,0.23001983654645283,-0.34801697458137726,-0.1520842063476885,-0.8418708795462525
2007-07-26,0.14816847965376326,-0.3417571009175831,-0.21094135288537852,-0.7979423945553373
2007-08-02,0.07121285719888026,-0.34909705551960535,-0.42252614438059993,-0.8618169098159214
2007-08-09,-0.011212309345842275,-0.3386737276166627,-0.4237763084930193,-0.8718721384493856
2007-08-16,-0.08318427115252425,-0.334139688387964,-0.4523684776186784,-0.8447206846846891
2007-08-23,0.010147881465161962,-0.3436135586279616,-0.10607237005573653,-0.8126078409880755
2007-08-30,0.022127147763396304,-0.3610664319855109,-0.1985096156695617,-0.8705282830239309
2007-09-06,-0.012705414052562591,-0.3935895059184125,-0.2952640880862241,-0.8974012427836664
2007-09-13,-0.06366250876529683,-0.39835296019280053,-0.3950342462321106,-0.9134211883076259
2007-09-20,-0.12677353258281276,-0.40948356921496365,-0.39006072790974855,-0.912040089739711
2007-09-27,-0.1642469870881702,-0.3897741082401244,-0.2721328981554945,-0.9071795754986001
2007-10-04,-0.18464538605138645,-0.40688443926304185,-0.14777076802873734,-0.8883176890165374
2007-10-11,-0.21409489031146892,-0.4122592224564402,-0.15991871280089195,-0.8824212743552521
2007-10-18,-0.27014281800538775,-0.4291590734716126,-0.207034260646206,-0.8941742015989751
2007-10-25,-0.31338448144276687,-0.40967048974887044,-0.23435408435808908,-0.8959722913980803
2007-11-01,-0.3805882732477414,-0.4420414665952755,-0.2652761981420617,-0.9090405802897261
2007-11-08,-0.395816413152955,-0.40662983456968216,-0.25512494163596305,-0.8999377680191327
2007-11-15,-0.42997253454573675,-0.38808025043933625,-0.228270280387931,-0.9070061680671915
2007-11-22,-0.4494021487681631,-0.4547266743237764,-0.12338058693921528,-0.9021737337221016
2007-11-29,-0.3883781738057591,-0.4132831514281613,0.03802673538295792,-0.8575701041021702
2007-12-06,-0.20776059092435822,-0.3872175351690934,0.39215561431836865,-0.7911937782515474
2007-12-13,-0.06157266446469672,-0.4698257062955435,0.48540491031450606,-0.7966928978613608
2007-12-20,-0.010953655729244241,-0.4600456735965369,0.42452285241332055,-0.7739004199271512
2007-12-27,-0.01405223694739606,-0.44849747904983217,0.35248526580145845,-0.7525342147729467
2008-01-03,0.1696016894514067,-0.35746068264881525,0.6766894066141858,-0.6513228648282361
2008-01-10,0.5454132498186992,-0.3293859906680036,1.0221702420394805,-0.6026806881504589
2008-01-17,0.6362828743119746,-0.40414423571827846,0.9430550179343915,-0.5791493860197303
2008-01-24,0.6493643213280413,-0.42299604103442556,0.7973743874461732,-0.5937172508654589
2008-01-31,0.7571127821594992,-0.31584487187339355,0.8902492737349628,-0.4550893115685502
2008-02-07,0.7860840334573822,-0.4065387225805035,0.8354859279480765,-0.4524312237664845
2008-02-14,0.7707696524204527,-0.3903455200546845,0.7584149270052258,-0.40373950986494067
2008-02-21,0.7180173842709598,-0.3764417883866672,0.6668208450669604,-0.3450609294502458
2008-02-28,0.6733879105552072,-0.37280826202006195,0.606631363034242,-0.30106313659805656
2008-03-06,0.673461502671894,-0.34180835304862545,0.5898104574759138,-0.21985196964085243
2008-03-13,0.677645254445368,-0.3610951566390519,0.6702607139921848,-0.13316970731307354
2008-03-20,0.8086632941043506,-0.30384005883283943,0.9107378376058659,-0.11649800991057374
2008-03-27,0.8943079875236999,-0.3442002446309776,1.0161619071978447,-0.11310895126592074
2008-04-03,0.9715611911558305,-0.3304041190786856,0.9591590224827186,-0.06098489710348276
2008-04-10,1.0431975025863311,-0.3249034314206851,1.0575495136961277,0.029212517808020366
2008-04-17,1.2289700807873327,-0.27346463974920365,1.1957694844057374,0.11603815755278646
2008-04-24,1.3530052458952033,-0.2865955703137807,1.1347057850556805,0.10229712570621663
2008-05-01,1.3462775926938657,-0.3322068060133092,1.0167406230299159,0.08465781190017319
2008-05-08,1.2945495597454466,-0.3231890659003628,0.7840676038332568,0.09296215911754024
2008-05-15,1.2282091640729922,-0.31983421053756267,0.6831245616361233,0.07215788907289855
2008-05-22,1.1888797071863861,-0.30272368179963444,0.750891902235153,0.03899680342333217
2008-05-29,1.3236386636781878,-0.3016432423503389,1.0366024883050313,0.15498681792800356
2008-06-05,1.2687171916406372,-0.35261560304652095,0.9100832695000485,0.11655675975682483
2008-06-12,1.208345146503124,-0.31796876853853007,0.8129122341759383,0.08704817765865835
2008-06-19,1.0990896020165473,-0.3616418271675956,0.5989608215511268,-0.02816349617183561
2008-06-26,0.9771380411409107,-0.4210730973987926,0.3041474061392188,-0.03812336842237232
2008-07-03,0.8734586416513657,-0.46514791070052247,0.1469813077128666,0.05862002403806142
2008-07-10,0.7406816380435546,-0.4494818512465307,-0.016221565014423102,-0.043162294255002225
2008-07-17,0.6021882034490751,-0.4774398295677729,-0.3441439797165893,-0.10787164915665702
2008-07-24,0.4753696009226219,-0.5023405163342884,-0.6977098688158507,-0.19643191596905946
2008-07-31,0.33936223155132006,-0.4934868945683195,-0.7275023654692445,-0.1878146943458768
2008-08-07,0.2589300652151954,-0.45717549486270914,-0.567190255082397,-0.12405832327549574
2008-08-14,0.17727813351958333,-0.516280531902444,-0.5947700535316851,-0.21741651248964666
2008-08-21,0.08387515967087317,-0.5446364099767607,-0.6453978402852014,-0.21598000454168995
2008-08-28,0.003555398787954467,-0.5177749971602272,-0.6534536330127176,-0.2263781878825489
2008-09-04,-0.03267715703697388,-0.4828828863156752,-0.48679301867529345,-0.1879032122936729
2008-09-11,-0.10039224064129187,-0.5215399590721256,-0.48247482889945786,-0.19377969183881263
2008-09-18,-0.17129760926331655,-0.5124959426435471,-0.5170203239884912,-0.21388518006030513
2008-09-25,-0.25853296787258095,-0.526305678876998,-0.5896349364066511,-0.24079315640924
2008-10-02,-0.3081639557566903,-0.5060419084173755,-0.5637025170287888,-0.22769015679238688
2008-10-09,-0.3904562361085553,-0.537423638234512,-0.5570642232480664,-0.26345944528664333
2008-10-16,-0.4380429912868804,-0.5105484381306227,-0.4915751686390331,-0.2593944637724339
2008-10-23,-0.48359272595247504,-0.5359800778741547,-0.4424878002491758,-0.272379083654216
2008-10-30,-0.476250766688426,-0.487581272105013,-0.22639733204116533,-0.2422043717524891
2008-11-06,-0.4608088098944232,-0.5189884936174189,0.005807701619537697,-0.24900957995553036
2008-11-13,-0.43237730113163475,-0.5483954130899518,0.05463774784305697,-0.2856150451778218
2008-11-20,-0.38013780875731407,-0.5102192962782183,0.18630851117096195,-0.2609325295363858
2008-11-27,-0.3007811881362661,-0.4846575872002757,0.3608113498596414,-0.22850117743164852
2008-12-04,-0.22204563757332224,-0.5412232565824628,0.5379357566907499,-0.22693983256155212
2008-12-11,-0.07056522733715949,-0.5673649828559245,0.6765506519033289,-0.23699787983302065
2008-12-18,-0.01207840414037566,-0.6597489844959791,0.6665113034811605,-0.2797911806918642
2008-12-25,0.05846811742815342,-0.575767540985885,0.5935233846407784,-0.27393697483649443
2009-01-01,0.06171959835934563,-0.5475769859272027,0.4971541876278285,-0.27215080352509285
2009-01-08,0.01958634060202999,-0.5387622919844212,0.35582563862177063,-0.30018076388002596
2009-01-15,0.04584885962943703,-0.4875080169388374,0.38579901359959295,-0.3355255045425273
2009-01-22,0.3006794148903985,-0.4075116822816822,0.91080459890648,-0.18532157043234695
2009-01-29,0.5243966623062901,-0.489725639926387,0.9819113481611679,-0.17577850624678598
2009-02-05,0.5759009886471697,-0.42706630833636244,0.9112287552184477,-0.13292418462926453
2009-02-12,0.5799682378695021,-0.5691366245736972,0.848155621243981,-0.12137551816405773
2009-02-19,0.5889022638583364,-0.5780751128103772,0.7630260988803086,-0.11324406225460884
2009-02-26,0.6072264994057457,-0.4829369020193266,0.7140072274853193,-0.031189604969842827
2009-03-05,0.5531144516508032,-0.4849893089952092,0.611634099764349,-0.022474492821469377
2009-03-12,0.4854044228229579,-0.532459622436591,0.5109533267377443,-0.04413318631517818
2009-03-19,0.4482619144750706,-0.5117316022206152,0.43654417703305526,-0.024472784885648385
2009-03-26,0.4149201261952622,-0.48174706173026005,0.4072863535673267,-0.0018269164246585284
2009-04-02,0.32229587504588675,-0.49552433458520406,0.3017543580214586,-0.025382003022992858
2009-04-09,0.2705666923985567,-0.4975758402302798,0.2772574706066829,-0.04722283834436525
2009-04-16,0.16146946559968478,-0.5348791521297325,0.18843243995567138,-0.11055346490140672
2009-04-23,0.13076839392349282,-0.486376462900566,0.20444887610264723,-0.1819173753674944
2009-04-30,0.039120558592734306,-0.5471516365432664,0.2193222692869348,-0.20756085908345911
2009-05-07,0.02044936445116259,-0.5062507720854701,0.17652814532510225,-0.19313986630661778
2009-05-14,0.03540549540162875,-0.4930087842969917,0.24388906384811174,-0.12529542407109906
2009-05-21,-0.0005693328037407741,-0.566147361108236,0.16985553008556825,-0.13954367322520936
2009-05-28,-0.05676979479983421,-0.5629395441466325,0.040271559324887685,-0.19412344619084854
2009-06-04,-0.07051228348102287,-0.524905797509423,-0.029546196131877894,-0.25516816715652696
2009-06-11,-0.13477524409491132,-0.5477335381477896,-0.01690267668110712,-0.19811396386302849
2009-06-18,-0.18255385782576797,-0.5615228310625766,-0.11720188215934241,-0.2591963269460893
2009-06-25,-0.2310630931131252,-0.6358234531584187,-0.32603931896690047,-0.35488943045821997
2009-07-02,-0.34368480338458013,-0.699917970660641,-0.74944112598307,-0.4928016376083123
2009-07-09,-0.4620520615345991,-0.7048964012856176,-0.8877965707109922,-0.5097333607157236
2009-07-16,-0.5412399439251612,-0.6792095728302502,-0.8897926766843789,-0.5287748461007735
2009-07-23,-0.604769285830353,-0.6711024247592915,-0.8317294219052175,-0.49019678047059634
2009-07-30,-0.6747310612562712,-0.7071976549934481,-0.9513607005437257,-0.560710549259538
2009-08-06,-0.7580950335383674,-0.7474800878017084,-1.1826652083260993,-0.614954685264925
2009-08-13,-0.8381838363876162,-0.8226669675560558,-1.3370385402164076,-0.6323818509340551
2009-08-20,-0.9356317185432288,-0.8142933320559277,-1.4738642266337518,-0.6790740161426445
2009-08-27,-1.0465346438027092,-0.7916608145577133,-1.5094895143247806,-0.676677735498753
2009-09-03,-1.096830061367867,-0.7466399217046638,-1.3492784638249968,-0.6180349849737111
2009-09-10,-1.1381614486940508,-0.7743076249306107,-1.3768037746769797,-0.6111301844638828
2009-09-17,-1.1695569157123493,-0.7535278049295107,-1.212978563878031,-0.6030875419350037
2009-09-24,-1.2137993345067046,-0.7564220226398364,-1.2394684972832721,-0.6200589472709825
2009-10-01,-1.2484539956825167,-0.7436432879460265,-1.2043065860868651,-0.6193593909194908
2009-10-08,-1.2934477729230316,-0.7560983484337618,-1.1350227812355982,-0.6192778928717064
2009-10-15,-1.3132692911591048,-0.7587422541179185,-1.0596986221749833,-0.6129802123486052
2009-10-22,-1.3551471726300257,-0.780822630700536,-0.996729346068483,-0.6222702981315216
2009-10-29,-1.3676996335941056,-0.7374702150331631,-0.9231797089802876,-0.6192700397450579
2009-11-05,-1.3837303288633656,-0.7500973717152954,-0.7818460579559663,-0.6191236702433212
2009-11-12,-1.4066706611653501,-0.7676147148353675,-0.718557608818899,-0.6316842762661772
2009-11-19,-1.436657764157319,-0.7730825510554595,-0.6639566633335083,-0.6453851030308253
2009-11-26,-1.3919537651946676,-0.7663984584452781,-0.4632301749920203,-0.6244086196918514
2009-12-03,-1.3659090879997096,-0.7483750378766955,-0.35228953140525754,-0.6308956094655354
2009-12-10,-1.3118048000767843,-0.7594488514295663,-0.21536230359142738,-0.6460331270340773
2009-12-17,-1.232482974486279,-0.7471284026333802,-0.11878809512540345,-0.6177719328355478
2009-12-24,-1.0641945836952076,-0.7870870513292805,0.273259204819222,-0.5845819994644883
2009-12-31,-0.7246710418685912,-0.7511843882931952,0.5488066564953716,-0.506826301724134
2010-01-07,-0.5489354170105706,-0.7515440279744566,0.47762403072997944,-0.5485660290467531
2010-01-14,-0.45064253992278147,-0.7373941331623328,0.46183990483250903,-0.5099335555887532
2010-01-21,-0.3634855843613354,-0.7803752711142695,0.5198985098376727,-0.4978675809190818
2010-01-28,-0.20734551524598854,-0.7050686651837055,0.6160186224803118,-0.42485812333718254
2010-02-04,-0.046727008281387296,-0.6847860060343246,0.7956795764270785,-0.35614531618825723
2010-02-11,0.09760103670881962,-0.685757140127469,0.7956027596097373,-0.3652701967956022
2010-02-18,0.16222774917853997,-0.6679764402863745,0.7670867102607822,-0.35932324712917507
2010-02-25,0.3332608807201506,-0.5788218517357293,0.9603148403090159,-0.24586132629099985
2010-03-04,0.38906718732110335,-0.7438225400435318,0.8315192833429954,-0.2855007810647315
2010-03-11,0.39854708872333544,-0.7526764595253529,0.6550769058644732,-0.28189868424183995
2010-03-18,0.39468557424280204,-0.7079167306167456,0.5472415069670207,-0.22974963131852194
2010-03-25,0.4360519250770237,-0.6467265722825417,0.6413724315313497,-0.18520813692250676
2010-04-01,0.46868227213904023,-0.6956770693132649,0.748755255958149,-0.16652908913290895
2010-04-08,0.45780354290599934,-0.7231139439152621,0.6550649914613449,-0.1657831921050107
2010-04-15,0.40327788762370237,-0.6825832189517639,0.5154331092545765,-0.15996589343209255
2010-04-22,0.31934933107814095,-0.7296038677236772,0.30059270207687633,-0.2096930159188528
2010-04-29,0.2542000440396912,-0.7117973317302962,0.18580050621913863,-0.24737989741745947
2010-05-06,0.2058475071132888,-0.6990257696711623,0.23665731683329344,-0.3177097887482723
2010-05-13,0.09066977672053075,-0.7534258331547508,0.07458107522721116,-0.38886249142521795
2010-05-20,0.008326550588287074,-0.8139760823550395,-0.2325550905890623,-0.5077851121683052
2010-05-27,-0.07435910985309369,-0.8128956016102054,-0.29301894753243135,-0.5700128003401311
2010-06-03,-0.13940942416465568,-0.7912177665904772,-0.33662280801402955,-0.5218420011025777
2010-06-10,-0.14890313662958624,-0.759411468902212,-0.09487959937942281,-0.40982094450013196
2010-06-17,-0.21216424129783082,-0.7951145890470204,-0.12589452796152473,-0.3756998855144528
2010-06-24,-0.3096302956351984,-0.8493756380887985,-0.3254425034498156,-0.5362305723048041
2010-07-01,-0.41340975719352274,-0.9121124560741767,-0.6314007614534761,-0.6031622023561043
2010-07-08,-0.5022524034473671,-0.8576483224787831,-0.718814396584552,-0.6270566835668129
2010-07-15,-0.5809435896901488,-0.8245743609540124,-0.6440064674346871,-0.4782604319727384
2010-07-22,-0.6764338075522989,-0.8880002784469969,-0.818435171522075,-0.5898805328618578
2010-07-29,-0.7802231166453514,-0.915402993996826,-1.0625303099176044,-0.679843934832207
2010-08-05,-0.869400857391572,-0.9496479528922415,-1.2973213352179125,-0.7047164472837126
2010-08-12,-0.9374381597770396,-0.9541324805486945,-1.2358187384539088,-0.6655234411450235
2010-08-19,-0.995508538531835,-0.9758316018973574,-1.2152130614697396,-0.6856911243036401
2010-08-26,-1.0572021705596037,-0.9724443710029503,-1.1077113429690006,-0.6275192449426774
2010-09-02,-1.0969606861884917,-0.9492554135686982,-1.09811069073236,-0.6289400415985174
2010-09-09,-1.1517564539214393,-0.8907384011765671,-0.9909437076426817,-0.6036788508497851
2010-09-16,-1.194156427622966,-0.8823608343933457,-0.9655999074323515,-0.6001543768701963
2010-09-23,-1.228366285136488,-0.8836285303250468,-0.8094407809780372,-0.5933038306841518
2010-09-30,-1.2363418461206337,-0.8683757673472623,-0.6926804226219759,-0.5879802300541703
2010-10-07,-1.28112646640188,-0.8926663553606556,-0.6598145756480711,-0.6293417860103623
2010-10-14,-1.3289275065065598,-0.8909994988965646,-0.661079300273903,-0.646150634534125
2010-10-21,-1.3720205133157408,-0.8953519984562939,-0.6453531036543039,-0.6628103010444905
2010-10-28,-1.379789277188345,-0.8858130330613468,-0.5760213539561392,-0.6637088894443157
2010-11-04,-1.3726938091220806,-0.8568408409246278,-0.47110281963059697,-0.6678618148640852
2010-11-11,-1.3647497918201679,-0.8967938251830655,-0.2401188143617028,-0.6757234739401895
2010-11-18,-1.3420235793990563,-0.9544912022093905,-0.16544978339267746,-0.6788670311577842
2010-11-25,-1.327168730615375,-0.9165876536598948,-0.10554293186843744,-0.6866058561956967
2010-12-02,-1.235626369059689,-0.8882027403834797,0.16767046236990857,-0.6474534978410421
2010-12-09,-0.6429058336207814,-0.9293344294804333,0.6519113213103225,-0.6172203944200931
2010-12-16,-0.34190911576374344,-0.7700752765950661,0.7845151871692093,-0.5565647519899621
2010-12-23,-0.043628900093609174,-0.8627713845073657,0.9704767168886166,-0.504944563822942
2010-12-30,0.12317970380595228,-0.8524396639841917,0.8789717817161445,-0.5127943395266991
2011-01-06,0.23152510806296278,-0.7152373946069666,0.9007116517991026,-0.43266823820091616
2011-01-13,0.31178360811127354,-0.8594805968465409,0.8935752725946746,-0.39120564268036584
2011-01-20,0.3532498571002467,-0.8278398564745502,0.7912822004097858,-0.3674132137586156
2011-01-27,0.34405189897252036,-0.813158826506146,0.6874842967597682,-0.32741675837025147
2011-02-03,0.29730279328727177,-0.8435310900527181,0.5649737021944197,-0.30780700956864304
2011-02-10,0.29732715751657873,-0.788790590839056,0.5284445044435648,-0.26044732452492997
2011-02-17,0.22441867694398437,-0.8257596245518947,0.44567796382692626,-0.22786224403998628
2011-02-24,0.17949014258593535,-0.8421147249435519,0.4796847588888092,-0.21624416348093692
2011-03-03,0.1700470033377587,-0.8913367255243021,0.4833292729858304,-0.23635261649186312
2011-03-10,0.1652923947620188,-0.8519119997623108,0.44621262798103284,-0.20045119014713436
2011-03-17,0.057578141722009535,-0.8609608447634322,0.3443306559075201,-0.2480306770009248
2011-03-24,0.04134296422621486,-0.8269356705536286,0.31861748339321966,-0.22562179442282865
2011-03-31,-0.02943069218980654,-0.8464631036781147,0.2782663314133622,-0.24667479093138645
2011-04-07,-0.10734925634926071,-0.8490422565157991,0.11919464987158973,-0.35650444007399046
2011-04-14,-0.1602248269983385,-0.8520371359878962,-0.0017523795679295073,-0.5650576566450844
2011-04-21,-0.2580235527679521,-0.8904552488525255,-0.2770225056072334,-0.5960299528468519
2011-04-28,-0.32388659854097546,-0.8918590407492033,-0.35451674987620097,-0.583969650517624
2011-05-05,-0.4681088085122574,-0.955611951612404,-0.6440610208435344,-0.6847850537122585
2011-05-12,-0.5582369590846286,-0.9923707192089468,-0.7572930464287577,-0.7549773926539236
2011-05-19,-0.6640983534530103,-1.0276138742604415,-0.9772557243550699,-0.848062524583673
2011-05-26,-0.7501305429164177,-1.0430357722432764,-1.1356247360123815,-0.8290527347545873
2011-06-02,-0.8344228930121943,-1.027082216114575,-1.1199521958336824,-0.7805527394913021
2011-06-09,-0.8922269255768098,-1.0524007819160217,-1.08111667020664,-0.6727313908146955
2011-06-16,-0.9606327957374972,-1.0743129332977572,-1.17914836260738,-0.6979530333718802
2011-06-23,-1.083114545350048,-1.1044839435600105,-1.2609902444920664,-0.8140952490310801
2011-06-30,-1.180936096364371,-1.144819563470735,-1.4675074253861913,-0.9738005144451477
2011-07-07,-1.2724830341758226,-1.1544761985163596,-1.545761997311529,-0.9936980811022034
2011-07-14,-1.2991384260619272,-1.1255377888425817,-1.4392951550017161,-0.9284950146156694
2011-07-21,-1.3076822181161718,-1.109749504396841,-1.2158149769389,-0.8475023907169625
2011-07-28,-1.3722202839988498,-1.1197120743739808,-1.253252234694017,-0.8675524003303678
2011-08-04,-1.4241771822189517,-1.069154353475002,-1.1637284057580648,-0.8863770808879989
2011-08-11,-1.4379991571448616,-1.0737176313972898,-1.1503982863679778,-0.8949555054296554
2011-08-18,-1.4774745677388053,-1.0944216700482412,-1.1821761868185445,-0.949035483681664
2011-08-25,-1.50174858338226,-1.081072208060072,-1.1112834471895041,-0.8984861051069877
2011-09-01,-1.5280180303979678,-1.0818442993037636,-1.06362675916213,-0.8640985576918747
2011-09-08,-1.5564911457811952,-1.0849645405531116,-1.0654128551298148,-0.8507457632942028
2011-09-15,-1.5824180202143503,-1.0903325042305654,-0.9947032099009652,-0.859087185454213
2011-09-22,-1.6269911792484941,-1.1095923772685474,-1.0236984350321188,-0.8520596647654177
2011-09-29,-1.6949331081622105,-1.1161984770802618,-1.1091611183164054,-0.8729253091998326
2011-10-06,-1.7262777781983203,-1.1038572833023095,-1.0448612946252562,-0.8587536152161965
2011-10-13,-1.7651276952361965,-1.1058671063902352,-1.0535498097670952,-0.8718034492612037
2011-10-20,-1.7864658088493153,-1.0672176247505492,-0.9590143381041247,-0.8808872272259196
2011-10-27,-1.8438131687230186,-1.0898490963078884,-0.9265247544742167,-0.8928478313654294
2011-11-03,-1.807964749750694,-1.087810330127676,-0.7236431024753885,-0.8538303814148657
2011-11-10,-1.828618480110364,-1.1150719034537788,-0.6695040951870196,-0.8805674774426439
2011-11-17,-1.8317854946173386,-1.1115514278738323,-0.6908610764442649,-0.8932182465348538
2011-11-24,-1.8637354831583517,-1.1244130680568867,-0.7424290395337073,-0.9205937640873898
2011-12-01,-1.8350289494482577,-1.0798229245694537,-0.5635984647443107,-0.8938124179334348
2011-12-08,-1.7877064931786872,-1.0776897932355627,-0.29573301681126307,-0.8966525640996906
2011-12-15,-1.300874332545687,-1.021453784667518,0.5044542281551767,-0.7855192539758088
2011-12-22,-0.8488288670732341,-1.113905383733314,0.6840690439450033,-0.7959138785796236
2011-12-29,-0.5441301960754088,-0.9518649199263289,0.8021519269409838,-0.766071142802722
2012-01-05,-0.12350652051381118,-1.078790424683672,0.9417753271921747,-0.7440482122494347
2012-01-12,0.017924969374682548,-1.0627402596884148,0.8068988996815654,-0.7773014927057638
2012-01-19,0.04459734563095111,-1.0651664936916074,0.651199645485172,-0.7278914373158836
2012-01-26,0.03251620003992867,-1.0658599538917795,0.5605550250985586,-0.7260860829213396
2012-02-02,-0.015742138242443526,-1.0803395789067067,0.36636896872545904,-0.7515437736709946
2012-02-09,-0.07680801608100107,-1.0757592874312363,0.17702280720243568,-0.7799558669363011
2012-02-16,-0.1289375813361638,-1.114754990238497,0.13071463972638814,-0.811235332293265
2012-02-23,-0.1390637799020868,-1.0992051609714621,0.10295585496520104,-0.8059301382835089
2012-03-01,-0.1654115215574118,-1.076979379059341,0.09574905437088677,-0.7897109020568157
2012-03-08,-0.23917173792780144,-1.1039037278692394,0.057414472045769216,-0.803039365556159
2012-03-15,-0.2809561977305216,-1.0819514904069947,0.027506944164339797,-0.7805887594556886
2012-03-22,-0.34521901202441974,-1.089534470397847,-0.028116047014385304,-0.7919972817324403
2012-03-29,-0.37800273795536005,-1.0760606465283402,-0.07750482376613216,-0.8107053276873635
2012-04-05,-0.4396957426135333,-1.069883493864425,-0.18047424243724153,-0.8366924706196535
2012-04-12,-0.5026443144530138,-1.0785511786978201,-0.22644628586258458,-0.8546913298752221
2012-04-19,-0.5255453261505684,-1.0694564686210217,-0.1589251608570359,-0.8012915474625593
2012-04-26,-0.4134453099022157,-1.0961829041811073,0.3156552186800579,-0.7908674795623645
2012-05-03,-0.24894367971392872,-1.135110127594226,0.44256668374909724,-0.7782834394583982
2012-05-10,-0.24378683560266384,-1.1350405674718809,0.329265067964475,-0.8189526798771237
2012-05-17,-0.22276324823584567,-1.136934529523177,0.2911034536315996,-0.8042102085429403
2012-05-24,-0.23615331159294123,-1.172210614825323,0.17994539860408615,-0.825928814816029
2012-05-31,-0.2730746923812054,-1.1458709581597581,0.05871717210263527,-0.8203764219418961
2012-06-07,-0.2957799259759377,-1.1180426974563715,0.0486430535954504,-0.7696704411788151
2012-06-14,-0.3244550774900269,-1.0988070399406407,0.05706927300561454,-0.7770029489196575
2012-06-21,-0.35687386950771793,-1.1141712807101958,0.02496727942481325,-0.7724911707302176
2012-06-28,-0.4196458519237174,-1.136801419255117,-0.16967896006739425,-0.7890897214084106
2012-07-05,-0.4821883851207354,-1.1329283065885893,-0.23244405612081515,-0.8046789910629847
2012-07-12,-0.5369851776304565,-1.1244692293037137,-0.23502091452538365,-0.7624480211562914
2012-07-19,-0.601293038339839,-1.1409111217528234,-0.34191686660925596,-0.8483949007007423
2012-07-26,-0.6987018159433431,-1.17967075581547,-0.5382411527443139,-0.882751865133527
2012-08-02,-0.7949463108945571,-1.1994837329975439,-0.7301607309395269,-0.9376469660583505
2012-08-09,-0.8949262035079412,-1.2390971766793524,-0.9808952288816678,-1.0450216774605552
2012-08-16,-1.0143216762412819,-1.262407636385765,-1.2731377574800746,-1.1452679018645708
2012-08-23,-1.1013220447294303,-1.2587648845305348,-1.4146980822741182,-1.1558704836782694
2012-08-30,-1.1927109720867555,-1.2959949199228153,-1.5406438290549156,-1.1883699959925087
2012-09-06,-1.2509542711373516,-1.3187522595607646,-1.5662191421134366,-1.167798849479079
2012-09-13,-1.3056032384185137,-1.2793209532171743,-1.5246153112874363,-1.1845306480924143
2012-09-20,-1.328280190236466,-1.2164154069956368,-1.388964348998188,-1.1520476435530127
2012-09-27,-1.3933086196856386,-1.2498887343311986,-1.1678865216871035,-1.1431101148548115
2012-10-04,-1.407151939761151,-1.2299942304272586,-1.0549759146571323,-1.0837026639071463
2012-10-11,-1.2371914934806283,-1.18661012168879,-0.5708188432114822,-0.9893657021197584
2012-10-18,-1.0173337335085109,-1.2064413210310028,-0.21474495983132214,-0.8547926549852791
2012-10-25,-0.9029769066191131,-1.23713454491468,-0.1779229434435563,-0.8043711584890166
2012-11-01,-0.815779141739984,-1.1631976791280818,0.004727552207722918,-0.6906243092828404
2012-11-08,-0.6316142234911187,-1.1656560419021313,0.2058632612670126,-0.6948290491619429
2012-11-15,-0.5354347017400232,-1.1453750655496433,0.21093459278681648,-0.6842733345948019
2012-11-22,-0.48274138229046665,-1.1327219465599736,0.16117633643839985,-0.6416909671372242
2012-11-29,-0.462134005696565,-1.1360679508887368,0.16770958759197974,-0.6189993991587286
2012-12-06,-0.34785819717705363,-1.1357418820063183,0.40711495045591056,-0.5687465105165935
2012-12-13,-0.13259564577815572,-1.087387501720876,0.6628772019068402,-0.458700010775025
2012-12-20,0.2729143287678105,-1.0645611098567962,0.9708909303507419,-0.3365448505386572
2012-12-27,0.646325813121342,-1.0876744919585204,1.1307576430394572,-0.2393647706853448
2013-01-03,0.7313333572096531,-1.1162251429613848,1.0137556764464861,-0.18501337761377282
2013-01-10,0.8958661868111948,-0.980231617833442,1.1729096979651523,-0.011040635912875296
2013-01-17,1.023426272661723,-0.9278609875101461,1.2570724513207385,0.09089387404828708
2013-01-24,1.1468202927777595,-0.978730274262684,1.2600801952273084,0.14986024687121735
2013-01-31,1.4388600116171624,-0.8725013848466273,1.4969462378332243,0.2933621438912492
2013-02-07,1.6231506454142082,-0.8347010798146365,1.5325077562783176,0.44913671860484133
2013-02-14,1.6453298769719624,-0.8577521678298534,1.408617703664579,0.515346546920507
2013-02-21,1.577964606953345,-0.8380949039016253,1.2432465396284453,0.5964062649011174
2013-02-28,1.5088837742157837,-0.8027336393995584,1.1137694884917682,0.6805153461794102
2013-03-07,1.4742031756938192,-0.7141792400949651,1.1009122816797383,0.7751634590232275
2013-03-14,1.4853616531193294,-0.7128714966220037,1.1605835424843636,0.8298852439272337
2013-03-21,1.572528266496367,-0.733662997362051,1.2308270863612627,0.8870559414544061
2013-03-28,1.5301853690166205,-0.6994157494220127,1.1011295502155778,0.8885878795392809
2013-04-04,1.4526477273804224,-0.6729243841787004,0.9954015085319368,0.9457793670729419
2013-04-11,1.5991080685927388,-0.6709886776466494,1.3706389532239318,1.0730744570567232
2013-04-18,1.6167225138332249,-0.6759571687765911,1.223400188727791,1.0497338762260202
2013-04-25,1.5676866907225944,-0.6233041886339763,1.0991549313472306,1.1013869027227148
2013-05-02,1.5499113595246723,-0.6088948943668703,1.1187188381296091,1.133965857757056
2013-05-09,1.4912810041517675,-0.5726497791982451,0.9777480261403739,1.1238270811488782
2013-05-16,1.4474617234471971,-0.5420403053211884,1.019912620761081,1.1220918999484162
2013-05-23,1.5258379220074372,-0.5200513742959028,1.214880663862536,1.178766343030464
2013-05-30,1.4895115345584524,-0.5450783588527166,1.1336873253765831,1.161854346446262
2013-06-06,1.4472191437227688,-0.5113745505195545,0.9697703602443322,1.1886819890428357
2013-06-13,1.3795515309889175,-0.49479465954493396,0.8657085609963658,1.1535578502291097
2013-06-20,1.2973401702904204,-0.5198415510386423,0.7793130079698406,1.129293768305573
2013-06-27,1.2059988590335649,-0.48741073228994536,0.6189087847685785,1.0957606362921197
2013-07-04,1.072378714537583,-0.5356747067394201,0.3795644996331377,1.0049007285889346
2013-07-11,0.9245865303756697,-0.626391624836202,-0.021848242699906872,0.9352804279105418
2013-07-18,0.7967473337640171,-0.6380200605679643,-0.3500278797936469,0.8595078154000609
2013-07-25,0.6826646731071937,-0.6045871055823627,-0.44700387196546676,0.9076067713637538
2013-08-01,0.5622003132413744,-0.5956862773012088,-0.6087446861602606,0.8475261449688724
2013-08-08,0.46305927080909204,-0.6271144286975713,-0.5687565786251065,0.8027354455673607
2013-08-15,0.351295309330968,-0.6341473543736167,-0.767026054610789,0.7263588764871247
