date_mesure,B,C,A
2005-03-17,-1.6987718117451334,0.14665746108202005,-0.7600690155373986
2005-03-24,-1.545330231854941,0.14739802766838805,-0.7835489187768752
2005-03-31,-1.515296555144549,0.07368680866632699,-0.8114717362809565
2005-04-07,-1.2697103857721688,0.19528878263229243,-0.8115821964028307
2005-04-14,-0.9877636849854794,0.38786133501497183,-0.8228013707263067
2005-04-21,-0.5497976814981166,0.5308705167756327,-0.7195360086298522
2005-04-28,-0.620899572811786,0.39419521303857374,-0.6586636635813553
2005-05-05,-0.5034378651005511,0.27620111600489805,-0.6329714376177648
2005-05-12,-0.570554586518761,0.15592204740984977,-0.6078557537697504
2005-05-19,-0.54163564942922,0.06716882523128903,-0.588313744834836
2005-05-26,-0.6480961632371482,-0.12027101740714685,-0.5806226876242528
2005-06-02,-0.6589903991600271,-0.3131039664442038,-0.6040271263715782
2005-06-09,-0.7331406828314492,-0.48313927398778694,-0.60448124996737
2005-06-16,-0.8444296311022764,-0.696067466808993,-0.6672048048665933
2005-06-23,-0.8218264550739266,-0.9237747850161909,-0.7301637108478318
2005-06-30,-0.6108213002073374,-0.9203939473646082,-0.7337452966997468
2005-07-07,-0.4123656825483462,-0.9156076163073505,-0.7596644767178257
2005-07-14,-0.5117384865557261,-1.1200476114149431,-0.7902611707019347
2005-07-21,-0.40459564274570925,-1.1511470172295872,-0.8223483859275109
2005-07-28,-0.21113674342669708,-1.016337182882291,-0.8173188265936426
2005-08-04,-0.11668145722770729,-0.9980561173653315,-0.8202439760326858
2005-08-11,-0.17145364331757984,-1.1182790507940314,-0.8607146245163196
2005-08-18,0.31872022091772634,-1.1120681078415753,-0.8785357670174666
2005-08-25,0.5754689900596599,-1.1320548123728633,-0.8883606006680491
2005-09-01,0.3424328044603443,-1.281578403122784,-0.9181265207826289
2005-09-08,0.0636643864356834,-1.1278219528109394,-0.9338223005841979
2005-09-15,-0.1870295385638363,-1.0382054889272483,-0.9423671997931553
2005-09-22,-0.5021105047450847,-1.1227918927808926,-0.9701876766047198
2005-09-29,-0.36641943861299864,-1.0480527215176463,-0.9913230069504148
2005-10-06,-0.5105806080802968,-0.9547725599235624,-1.0121293059653325
2005-10-13,-0.7092043864460547,-1.0506910675257057,-1.0510464369674914
2005-10-20,-0.8407689080429779,-1.0629082478600342,-1.0884226985108931
2005-10-27,-0.960812732640078,-1.1213479349357773,-1.1331963171414918
2005-11-03,-1.0339757110439236,-1.0545722245878455,-1.1860855049231587
2005-11-10,-1.1439256657933137,-1.1032023690410733,-1.2540592945950941
2005-11-17,-1.246957989828522,-1.1452213872531591,-1.3130229051771374
2005-11-24,-1.3092022530980336,-1.1335742525137915,-1.3610795273461944
2005-12-01,-1.3989492201994531,-0.9703654338603629,-1.4077447663971432
2005-12-08,-1.5288074450267715,-0.792466169471127,-1.4286498187773917
2005-12-15,-1.6109963437033192,-0.8350371418712496,-1.4939137603576897
2005-12-22,-1.6826267558456522,-0.814931552592694,-1.5384552463029046
2005-12-29,-1.6543133377358283,-0.5891460292022184,-1.580826978084374
2006-01-05,-1.7896497176494135,-0.535253699554212,-1.6043295837590779
2006-01-12,-1.8898986801847335,-0.6344727026878195,-1.649738327632635
2006-01-19,-1.967645190348084,-0.5038755282985358,-1.6756355985904907
2006-01-26,-2.0004828790539597,-0.6107502198347093,-1.7216006995691484
2006-02-02,-2.070817747158064,-0.7048530878680913,-1.782200786933899
2006-02-09,-2.106475664393656,-0.7225561957957916,-1.8149897758304654
2006-02-16,-1.8559707778605032,0.06905231683478152,-1.7428844689227283
2006-02-23,-2.003968356113059,0.12024678102041786,-1.6590396712086644
2006-03-02,-1.7853303134461942,0.43163040602810976,-1.5844030087891132
2006-03-09,-0.975474149219913,1.1912215121727918,-1.1842258706610314
2006-03-16,-1.2275362666595242,0.9737756050143731,-0.9420054029601427
2006-03-23,-0.8077493840353479,1.1215529824358696,-0.8030694140764377
2006-03-30,-0.006789943852280489,1.3421818122517364,-0.6093878787002384
2006-04-06,0.27433902279948097,1.3144709273377315,-0.3985612044704746
2006-04-13,0.476822508498714,1.1203575756052189,-0.1788127416498032
2006-04-20,0.3103673724956304,0.7675903041397314,-0.07460950887894713
2006-04-27,0.11598911158159131,0.5106016595198191,-0.009613931034936074
2006-05-04,-0.08831585227078431,0.30633480223835907,0.02943895760188034
2006-05-11,0.027123328600634933,0.3018532176852393,0.10392542418888853
2006-05-18,0.20509078300274505,0.24049320096472648,0.14628155654236707
2006-05-25,0.34600001034984995,0.2770518690384694,0.15624682835128398
2006-06-01,0.6040850490461644,0.2664594561511999,0.20145124173251416
2006-06-08,0.2487768281246301,-0.07194758038976073,0.20553511689905107
2006-06-15,-0.0735581706811258,-0.33337526077152424,0.19676915495521827
2006-06-22,-0.22930383914783053,-0.5352215628348121,0.1308549530431633
2006-06-29,-0.34140237307072047,-0.7033569065575791,0.05377465504457668
2006-07-06,-0.4693927257555051,-0.8684568662577689,-0.03431085654521904
2006-07-13,-0.6473686511764568,-1.1342992751101346,-0.140559183714403
2006-07-20,-0.8435797816383025,-1.3480916117640565,-0.25521539001852056
2006-07-27,-0.7743608286363498,-1.412832371525537,-0.31309484393999676
2006-08-03,-0.3676164194755705,-1.2922725692582673,-0.281865017266129
2006-08-10,-0.019812011307794974,-1.0270956710495585,-0.26420209748210954
2006-08-17,0.050651071518645785,-0.7349795924948344,-0.18664303815655953
2006-08-24,0.07561459676089644,-0.6686538923909617,-0.16679114446103271
2006-08-31,0.0386381441788195,-0.6732235945394279,-0.16706227717149988
2006-09-07,-0.27099187230241356,-0.8115266367089494,-0.16179556614197194
2006-09-14,0.12535752397737987,-0.7208866619543237,-0.15874306730352172
2006-09-21,0.1796164736318008,-0.45667672149496386,-0.10032083150280724
2006-09-28,0.5579855139989084,0.17570726771763023,0.15845864256989575
2006-10-05,0.767602654421204,0.7494600704267482,0.4897520511013608
2006-10-12,0.35420725067819736,0.49766755687169556,0.5939345846316784
2006-10-19,0.095637956709417,0.39590325717941516,0.6489018170189633
2006-10-26,-0.19480216308533038,0.3931753794674696,0.6826184929078248
2006-11-02,-0.3450986605292411,0.09762107461764727,0.6418441453592616
2006-11-09,-0.5304419333479459,-0.05403622300824966,0.5998004380608581
2006-11-16,-0.5836067055200307,-0.04515392602925582,0.5751587523951192
2006-11-23,-0.6467463589184689,0.18976300473343888,0.5614064504961228
2006-11-30,-0.70786513207859,0.2783631736150879,0.5463239926357268
2006-12-07,-0.5910719219133674,0.5959655681080956,0.6145030555058048
2006-12-14,-0.7823948874570308,0.39880894099937325,0.6292338440728131
2006-12-21,-0.899238709311179,0.1885077603259547,0.5553512440158269
2006-12-28,-0.913773160015092,0.22435465493170623,0.5119683364385266
2007-01-04,-0.8855318200185529,0.5921828431260525,0.5891630566958461
2007-01-11,-0.8780282006360978,0.6868171614413872,0.614283318647109
2007-01-18,-0.7807537544762279,0.9224733947446361,0.6679841809992128
2007-01-25,-0.851795138715869,0.9087689416418797,0.6399810865366491
2007-02-01,-0.927731389642023,0.7109746470014562,0.643591455263739
2007-02-08,-0.8528739154265645,1.0527549394024183,0.6740142292716698
2007-02-15,-0.7060222964285342,1.3946287751636897,0.7552178692339011
2007-02-22,-0.8750345994484753,1.2100366644688398,0.7369218278876675
2007-03-01,-0.335833513105813,1.704831505944666,0.939670840106479
2007-03-08,-0.4629985086381876,1.4918489166147029,1.0064825161528166
2007-03-15,-0.7095951444857932,1.1388512373281319,1.0421261169646416
2007-03-22,-0.5006205183848714,1.2720808042962402,1.0404321665978995
2007-03-29,-0.564040716558825,1.137008185338473,1.0276960608205785
2007-04-05,-0.7162530850216486,0.7972644666164291,0.9948964531423483
2007-04-12,-0.8315948969722997,0.48751275611973693,0.9509767697167486
2007-04-19,-0.7802892181515333,0.1910915786309792,0.8806887579032848
2007-04-26,-0.6720543384247347,-0.058474419654877985,0.8345774369900892
2007-05-03,-0.5628625277840719,-0.18830124201476536,0.7924136781115013
2007-05-10,-0.3757750813909967,-0.1428916407542234,0.7620029738093059
2007-05-17,-0.11926805225832399,-0.05474642828607651,0.7474308488464776
2007-05-24,0.014058255589487506,-0.19917450522053975,0.7379165607613063
2007-05-31,0.2620010922080974,-0.1413016264641306,0.713102869926464
2007-06-07,0.27400674426184135,-0.2244570234443263,0.7212526838514511
2007-06-14,0.432181631394156,-0.19051120403165417,0.7504808213695736
2007-06-21,0.7051409567719684,0.16577025258690292,0.8200994821209868
2007-06-28,0.6241306964231947,0.08992332828031752,0.8215541792606129
2007-07-05,1.1528718886263916,0.2681729984263253,0.8198486600602759
2007-07-12,1.0368627829597257,0.02611449438356267,0.7514326612939162
2007-07-19,0.8551367421909639,-0.13691312988188947,0.7141460186419399
2007-07-26,0.7066399220323464,-0.2830522663873857,0.66029401556581
2007-08-02,0.5693847957762413,-0.3172089083712945,0.5916309059167729
2007-08-09,1.4733534027709343,0.33450698719909355,0.9145440324455107
2007-08-16,1.5018022221961846,0.18824446441286108,1.0101442766445903
2007-08-23,1.2532432864896137,0.09863680296406335,1.0048681697302373
2007-08-30,1.129183259414158,-0.11151374983072943,0.9824684727651352
2007-09-06,0.7890350561431676,-0.28696017479766495,0.9478084070693102
2007-09-13,0.525944534587739,-0.39628378532147024,0.9063368611230207
2007-09-20,0.3993924501662626,-0.4672863888310963,0.86710380335259
2007-09-27,0.3108707765180276,-0.48065685159123894,0.8145387309541363
2007-10-04,0.1946393321285913,-0.5638982764545024,0.7553210995447703
2007-10-11,0.06500974587899094,-0.6516056255235492,0.6951842082202943
2007-10-18,-0.07257221372866862,-0.7255804186280205,0.6313146490049988
2007-10-25,-0.2062239849302376,-0.7919699003152372,0.5566942148745238
2007-11-01,-0.25606428166786754,-0.8310529517990364,0.46943470889436817
2007-11-08,-0.2216578307988593,-0.736661662415664,0.4316548336478875
2007-11-15,-0.26912952122781075,-0.6507131750625205,0.394630058700935
2007-11-22,-0.1487364336279818,-0.331134654380131,0.3621989955318369
2007-11-29,-0.21767956668624364,0.018841158343161704,0.372901612777065
2007-12-06,0.23484463425382796,0.8480900306153695,0.4711254349867491
2007-12-13,0.05804573045631045,0.9053650650307251,0.5306804136855482
2007-12-20,-0.26817526159979116,0.5544650489584001,0.5068012427304609
2007-12-27,-0.47558820272862645,0.30413124704130895,0.44956272922422946
2008-01-03,-0.5031731660858534,0.5100411115827758,0.39591774321379586
2008-01-10,-0.5084409228898688,0.6040820815045618,0.4218427496045664
2008-01-17,-0.6018795814115567,0.673545912621972,0.4153094323839052
2008-01-24,-0.6766349785141906,0.6011215853466643,0.42306200957207574
2008-01-31,-0.7390358290345637,0.7536189984981987,0.4069060051061346
2008-02-07,-0.820227288324632,0.756828169265604,0.43112364169035977
2008-02-14,-0.9507129043380677,0.48700882689588,0.4072810990383658
2008-02-21,-1.0711621606419375,0.28782551999351086,0.3600286030764678
2008-02-28,-0.9900757614831768,0.4407580387729457,0.30960229822164415
2008-03-06,-0.8957002428342427,0.5519203609825589,0.33218398434706164
2008-03-13,-0.763255800772239,0.8953840029660367,0.3505244635989714
2008-03-20,-0.6497465412804914,1.1224227362050878,0.38981043419142103
2008-03-27,-0.7451216989997654,1.0891633877942677,0.40915863847243306
2008-04-03,-0.7750941430862581,0.9018647226852161,0.41093888722522237
2008-04-10,-0.27746519223438915,1.4059873693480751,0.5046285011820018
2008-04-17,-0.0926212249905306,1.441589321795894,0.5767571048732768
2008-04-24,0.6115606803403517,1.3111819753044653,0.6376522286358908
2008-05-01,0.2692887243205271,0.9116530992572855,0.7020984260905487
2008-05-08,0.0023589989048102833,0.5229741409285793,0.6862595607297448
2008-05-15,0.022785960839657005,0.26489815714218756,0.68592436037771
2008-05-22,-0.008706182564527432,0.13093907448101136,0.648691299387269
2008-05-29,0.19072864094119757,0.3295798053230683,0.652206055036244
2008-06-05,0.4033538305416683,0.3859988150278116,0.6262061750138669
2008-06-12,0.523578825632336,0.2635221950395267,0.605323275567841
2008-06-19,0.3257347502474448,-0.006314960939779901,0.5540457763754172
2008-06-26,0.16055868199115286,-0.27419457636993116,0.4508649990502261
2008-07-03,0.23390185158534177,-0.3708930163494241,0.3938596957045712
2008-07-10,0.4858381539282557,-0.41906489872056607,0.28909823215941266
2008-07-17,0.6650245649858274,-0.5532500329580782,0.2744868945905596
2008-07-24,0.3522181062404917,-0.7441256119119541,0.17030510525786785
2008-07-31,0.02196819083393453,-0.8442512725233444,0.06929469601963784
2008-08-07,0.11926069426258756,-0.743026212224999,0.006826510922707918
2008-08-14,0.4296191826103961,-0.497220390607765,0.08372622701895924
2008-08-21,0.4226933006901633,-0.5724859184009872,0.09455309485812594
2008-08-28,0.27968251325708177,-0.6263068432356875,0.01771817793696162
2008-09-04,0.3653954151136395,-0.5167009307900297,-0.004316351550876174
2008-09-11,0.7776584103021837,-0.11073004023917982,0.001339638466902146
2008-09-18,0.5119823529296442,-0.2715099519953177,0.017569383589039783
2008-09-25,0.1735861822501934,-0.48400160280089366,-0.028585394854338364
2008-10-02,0.05504591100424733,-0.523618080275043,-0.07121756897682849
2008-10-09,-0.11769934090097728,-0.5759448149288332,-0.10763432914670362
2008-10-16,-0.1625667163889875,-0.5796037268046841,-0.16251358920917894
2008-10-23,-0.15821892352365516,-0.36676627472969203,-0.18832642535703864
2008-10-30,0.07300987977664596,0.06497270041746367,-0.15049333967057885
2008-11-06,-0.17718912336206563,-0.040690725367817086,-0.15624122907044072
2008-11-13,-0.37789652239640936,-0.17219082374832312,-0.1885568708188135
2008-11-20,-0.48540191294230195,-0.16990440524604788,-0.2368132583310448
2008-11-27,-0.5892371843005024,-0.12012480068645313,-0.2646500499100513
2008-12-04,-0.6097643909177922,0.2811804858781525,-0.2549570045071806
2008-12-11,-0.6029010353624089,0.4006346336992332,-0.22066841173714438
2008-12-18,-0.6694577555098571,0.22466432594570582,-0.22664847989691964
2008-12-25,-0.7255611361019758,0.10145379179129746,-0.25952861961655865
2009-01-01,-0.8834169559798544,-0.03609301758906003,-0.2944902093886343
2009-01-08,-1.0463868364876059,-0.18077868292551452,-0.3399349684489821
2009-01-15,-1.0868404473164381,-0.14025075034533913,-0.4056147018925186
2009-01-22,-1.1053877719530578,0.3112028915816451,-0.38932797745522557
2009-01-29,-1.2407124488920178,0.2633429850634952,-0.4032658074837469
2009-02-05,-1.096756688330125,0.6229889455034815,-0.3991027873984749
2009-02-12,-0.9450982676848785,0.9249438550716782,-0.28842521695890627
2009-02-19,-0.8558180502360222,0.8634659364564947,-0.23943797465292566
2009-02-26,-0.8018547111949278,0.6753419064792848,-0.20546568236405197
2009-03-05,-0.2427899810043812,1.038823405947521,-0.12727320181011004
2009-03-12,-0.24142403668743384,1.0460654209327997,-0.052102190137005455
2009-03-19,-0.392781445526617,0.7405956894814216,-0.024489321957988253
2009-03-26,-0.3979894049112211,0.834360049738055,0.006375443336371689
2009-04-02,-0.41570860531546444,0.5980732714865138,0.020207407071434813
2009-04-09,-0.42313091910942424,0.37293783609627906,-0.004957920584540421
2009-04-16,-0.4960318452173829,0.21828854647860646,-0.051342634915708334
2009-04-23,-0.454788410510647,0.04064069591035796,-0.09393078791261204
2009-04-30,-0.39488779092450593,-0.11740757707903587,-0.13977230090758003
2009-05-07,-0.32701509756272784,-0.23935884997687637,-0.1711760667317808
2009-05-14,-0.20979780916107038,-0.0992065970909567,-0.1677847406166332
2009-05-21,-0.150884939485116,-0.2234428001157322,-0.2037487430106766
2009-05-28,-0.17687388247920302,-0.4179323713492216,-0.22974894498369605
2009-06-04,-0.2345523017242028,-0.543767148164926,-0.2822618670990893
2009-06-11,-0.11599091647112286,-0.570871500254648,-0.3373322174724824
2009-06-18,0.1123557570256728,-0.6452517590450503,-0.35940617319581186
2009-06-25,0.03386548284000834,-0.8442460535524517,-0.4718773803880346
2009-07-02,-0.055608649146790756,-0.8940015230780758,-0.5422058550814095
2009-07-09,-0.10308135643350791,-0.8584682622960629,-0.5936792929045891
2009-07-16,0.48422776910346876,-0.6348858199711344,-0.5609755082551374
2009-07-23,0.46651060633598973,-0.7114680313408164,-0.5885668247127727
2009-07-30,0.18852813631113519,-0.9025450590327735,-0.6861250634054629
2009-08-06,0.14218297255121393,-0.9456755327970707,-0.7350791982597429
2009-08-13,-0.08265292085184084,-1.0303885972221194,-0.8077665490012126
2009-08-20,-0.3739656413443716,-1.173327071981526,-0.8789989954435525
2009-08-27,-0.39997281286925757,-1.2610511665849409,-0.8963780395681353
2009-09-03,-0.36302763598426946,-1.2682821227347385,-0.9052998453703515
2009-09-10,-0.3302828751400342,-1.3304148047532092,-0.9254096761834395
2009-09-17,-0.3957650396409593,-1.3745105433313856,-0.9608975541394393
2009-09-24,-0.45035597309713105,-1.4311480082023034,-0.9969340836605479
2009-10-01,-0.4866324919397679,-1.4688078568861795,-1.0308320978732357
2009-10-08,-0.46945071091368484,-1.3817130034043186,-1.0484487233475048
2009-10-15,-0.5686465924179623,-1.3492779515824713,-1.0925208475096928
2009-10-22,-0.7071031958767501,-1.3403737096717594,-1.1412077666410976
2009-10-29,-0.7017829530579136,-1.2720298401100445,-1.1896646668144195
2009-11-05,-0.6677263303433301,-1.044097764297402,-1.2157108526186655
2009-11-12,-0.6950728962445663,-0.9173784480394926,-1.2602788302024948
2009-11-19,-0.7986130955822773,-0.8474323715160822,-1.278635971649798
2009-11-26,-0.8302492696921513,-0.5497034486288115,-1.278875225326029
2009-12-03,-0.7781024572340305,-0.38503261702237196,-1.3132004797744994
2009-12-10,-0.7372426639043544,-0.1906781797828898,-1.294570064504138
2009-12-17,-0.9025610177904189,-0.1667294047338419,-1.3105004122014137
2009-12-24,-0.45853363266410174,0.703406477307829,-1.153692279009192
2009-12-31,-0.08230397327515215,1.071782306738971,-0.8861060985858737
2010-01-07,-0.4748413030676869,0.7354852919631767,-0.8010238199870201
2010-01-14,-0.5935328054359181,0.7464793995388439,-0.7562966560653642
2010-01-21,-0.7863582191724757,0.6863767465459787,-0.6696518542904141
2010-01-28,-0.891890612337012,0.6411929281662699,-0.6449783028224564
2010-02-04,-0.8154575233425659,0.9536243234731101,-0.5606225088012126
2010-02-11,-0.9885470186178632,0.7533802008765333,-0.5043158656222511
2010-02-18,-0.939888613936961,0.8972781022376878,-0.44633898874944533
2010-02-25,-0.6879801382359021,1.2945953521642566,-0.25870963853470363
2010-03-04,-0.8177756461380956,1.0715974534734338,-0.15383255346731411
2010-03-11,-0.9890198850049576,0.6939044296556216,-0.1503667546841353
2010-03-18,-0.9365183307235895,0.5141128093225873,-0.15143662562950239
2010-03-25,-0.8464776871436035,0.5029612147936081,-0.127770702437636
2010-04-01,-0.8661321829263617,0.5478248229512241,-0.132458729752999
2010-04-08,-0.9517199501512866,0.3874578021734806,-0.1465144875589886
2010-04-15,-1.0167403897114453,0.182584220147175,-0.1699196625526348
2010-04-22,-0.9809701532398593,-0.024293349729700375,-0.21809076616510373
2010-04-29,-0.7300167044824406,-0.08211336460400506,-0.23654875409052784
2010-05-06,-0.4282620102928117,0.07585249453549285,-0.25036149753999914
2010-05-13,-0.0769872248134117,0.298010673016841,-0.22297016659144842
2010-05-20,-0.16690600026832728,0.07352641723110123,-0.22110643224845855
2010-05-27,0.06404951673213885,0.023268855578258738,-0.22105896851127732
2010-06-03,0.17161344449335977,-0.1058035836646056,-0.2310251236715199
2010-06-10,0.35135014757987515,-0.07604117102597799,-0.22522897604259098
2010-06-17,0.6901512438915215,-0.17213476962478505,-0.23665684843598267
2010-06-24,0.20374356464886184,-0.4629204772087908,-0.33287578330732226
2010-07-01,-0.016682283232309136,-0.7222063955564777,-0.4271264843504205
2010-07-08,-0.23081660736089582,-0.9407562869384312,-0.5472579685393253
2010-07-15,-0.29178846918930434,-1.1567714912003262,-0.6559412135785248
2010-07-22,0.02560578890971643,-1.0445663680605037,-0.6869292792613841
2010-07-29,0.5785392046412043,-0.8687002513136182,-0.7082744559783054
2010-08-05,0.864967169695051,-0.8696543568536975,-0.7121556367831088
2010-08-12,1.1152500004685781,-0.5006082132738512,-0.659452781771256
2010-08-19,0.9431503760109818,-0.4484776237101934,-0.5767333126103731
2010-08-26,1.011843247757318,-0.43365664799979176,-0.5679157481832767
2010-09-02,0.7533391627539194,-0.5414636725861993,-0.5847736739878375
2010-09-09,0.5234268896421846,-0.5536665908834228,-0.6170484441104279
2010-09-16,0.26267321912565034,-0.677758419676923,-0.6812729922566274
2010-09-23,0.25477900959929456,-0.671125260503216,-0.6861958599139324
2010-09-30,0.09507803111768787,-0.6849725975018424,-0.720001318983897
2010-10-07,-0.11445415398823267,-0.7702067958511434,-0.7760769702649774
2010-10-14,-0.14812182798013063,-0.7829997521224158,-0.8133466968405317
2010-10-21,-0.24102932639313657,-0.767406652254069,-0.8622138432651568
2010-10-28,-0.4270969099223903,-0.7739738333831945,-0.9035958665163921
2010-11-04,-0.341855356177345,-0.47092170606457673,-0.9366497143145123
2010-11-11,-0.21890125353276738,0.08601470971267111,-0.9362987712575841
2010-11-18,-0.34945205697520093,0.15172100684571127,-0.9129369167564989
2010-11-25,-0.4369049668353632,0.1442523690446882,-0.9437705034971731
2010-12-02,-0.01848733561565072,0.5548958180049534,-0.9208706860408504
2010-12-09,0.5388013145525768,1.324639018656732,-0.5094373462605463
2010-12-16,0.2857187755076587,1.3893133573348837,-0.34512987560344166
2010-12-23,0.2626251501910255,1.8023672841943692,-0.01782849549900245
2010-12-30,0.09384340620204079,1.6991784702862642,0.16522140951249842
2011-01-06,0.39107048689653856,2.0160098299700246,0.34167697966491395
2011-01-13,0.44795610371087025,1.9344840976672455,0.6190223932863976
2011-01-20,0.15958042904293235,1.574642927645024,0.6977299204713809
2011-01-27,-0.16015288339850464,1.1896180658526139,0.7214092771901396
2011-02-03,-0.3462138554987444,0.849904087316408,0.6847074193544099
2011-02-10,-0.5551892926899867,0.6326897928433425,0.6704554642328708
2011-02-17,-0.6693333520568674,0.4304238137277991,0.6196729121755684
2011-02-24,-0.6757458170057753,0.3324724618421977,0.5680841651541955
2011-03-03,-0.824048520834192,0.20058311639023324,0.501198693251584
2011-03-10,-0.8405479196502554,0.067972080477727,0.4472198850421436
2011-03-17,-0.8537164304640011,-0.0445567841281694,0.3629132575146514
2011-03-24,-0.8955473385508663,-0.10249747439851616,0.30864376441965746
2011-03-31,-0.7173011439014954,-0.16515350518278896,0.24795026119526092
2011-04-07,-0.6302223566191222,-0.2741201615901606,0.19629452135192
2011-04-14,-0.5734311554214153,-0.40483346839967754,0.12618303222604127
2011-04-21,-0.5305930512394206,-0.5712112923044274,0.046443763931525495
2011-04-28,-0.5105573886434762,-0.6841985116304699,-0.010256279077339947
2011-05-05,-0.5393420484779714,-0.8529998343356551,-0.1084725229818031
2011-05-12,-0.3959321374701107,-0.8734879747672322,-0.151763920658671
2011-05-19,-0.38490975033936775,-0.9788359551460531,-0.24330628338912158
2011-05-26,-0.3485471697139425,-1.0968100818824056,-0.307076050835425
2011-06-02,-0.15696232233811924,-1.1060325904621724,-0.3282624379409895
2011-06-09,-0.052531291053191986,-1.0493734394213656,-0.3681877174721039
2011-06-16,0.17652445538206873,-0.9986966110511373,-0.40914028420021664
2011-06-23,0.22634791850114655,-1.0260980590928328,-0.4974355667361996
2011-06-30,0.29794110070488655,-1.0604797193226987,-0.4888474948563607
2011-07-07,0.30475278622904056,-1.0995777547654635,-0.545365456236774
2011-07-14,0.5644641710442494,-0.937278431879959,-0.49900526722603233
2011-07-21,0.725403012615061,-0.803759611202852,-0.47252754171857664
2011-07-28,0.6347845158427381,-0.8795309754594902,-0.4780383854193544
2011-08-04,0.5154921862171478,-0.758707739810311,-0.5170221009187016
2011-08-11,0.4622727062279116,-0.7428789159282534,-0.5585377770234645
2011-08-18,0.307546019703554,-0.9308796925637546,-0.6255801281109641
2011-08-25,0.5159141356795611,-0.9134954006867266,-0.6623178685917734
2011-09-01,0.6006311856599716,-0.8632367309998257,-0.6361391912222295
2011-09-08,0.4966203628066366,-0.8961684831936747,-0.6238433103116512
2011-09-15,0.3939243994967381,-0.9685278215622228,-0.65138430583107
2011-09-22,0.2806720779642293,-1.051645919463644,-0.6992837725420669
2011-09-29,0.20899041453716327,-1.149055475937017,-0.7231702989135663
2011-10-06,0.30960693296314235,-1.1223842024792028,-0.7473964587674593
2011-10-13,0.2660220425230434,-1.0862266558648925,-0.7729375323726436
2011-10-20,0.27032684408276053,-0.9877879724989787,-0.7839207609412634
2011-10-27,0.12972787428108334,-1.0420877322051052,-0.8210117285852212
2011-11-03,0.04757391158015878,-1.0474738918732194,-0.8560557628290946
2011-11-10,-0.07988908156652208,-1.097118641701253,-0.8931825463386478
2011-11-17,-0.1922533762991565,-1.1518591187410046,-0.9448225299158416
2011-11-24,-0.3217408743159653,-1.2045536416337956,-1.002003424001676
2011-12-01,-0.3161417276532066,-0.9694442633644854,-1.0325180324761996
2011-12-08,-0.0641572908185567,-0.16284480483026584,-0.9483054214345256
2011-12-15,0.03892808133121073,0.5499227554851855,-0.7595736047576906
2011-12-22,0.15638408351539584,0.7266728307810353,-0.6613720897113564
2011-12-29,0.14614617077525544,0.881722241103281,-0.6151726238279482
2012-01-05,0.4539519247025961,1.3717710195665553,-0.41209993548760626
2012-01-12,0.08536013149236504,1.1208277825452981,-0.3012332516245234
2012-01-19,0.08135053891579214,1.2982808478111394,-0.30082302599634714
2012-01-26,-0.17235971986338383,1.1674266922809062,-0.2400932002525562
2012-02-02,-0.40451925981135317,0.7200261017749574,-0.24933614159380613
2012-02-09,-0.6754646617084757,0.35235873664941736,-0.29052048914473044
2012-02-16,-0.7633117802565145,0.2081014091679565,-0.3512963886251802
2012-02-23,-0.8849375346800816,0.11679868996751369,-0.38771924081258413
2012-03-01,-0.8667457796592245,0.029339662279406042,-0.4631459104596548
2012-03-08,-0.9239691491950105,-0.06243985360658438,-0.5149187515648626
2012-03-15,-0.9344113347942882,-0.1229875354048015,-0.5647298566476036
2012-03-22,-0.9609347394949617,-0.21419306171559832,-0.6189269393204844
2012-03-29,-0.8476418946947237,-0.29390618118713263,-0.683661868330913
2012-04-05,-0.7329035472404293,-0.35658536961194376,-0.7174197443134277
2012-04-12,-0.5587157086535944,-0.3548286865777742,-0.7500888407518556
2012-04-19,-0.5274300911650603,-0.2661839413781708,-0.7275471924389514
2012-04-26,-0.4029900756766378,-0.02508894865835809,-0.6808747503968904
2012-05-03,-0.256058401047611,0.1233963479053129,-0.6799209461312254
2012-05-10,-0.2189081831471744,0.020808704378297155,-0.71967348333212
2012-05-17,-0.1552658464927781,0.018542206295354413,-0.6971733221609044
2012-05-24,-0.14364953807611336,-0.044812587974770834,-0.7503313066842503
2012-05-31,0.09799858039544712,-0.2128734743746809,-0.7595237945132801
2012-06-07,0.6593755205348801,-0.13086558127215053,-0.75485359101013
2012-06-14,1.0564596913493869,-0.09757683755235722,-0.7303914651072289
2012-06-21,0.9603342584612711,-0.23304782475073357,-0.7118582828130923
2012-06-28,1.0717873730031624,-0.24974104077495765,-0.7178508022511663
2012-07-05,1.1186964013640837,-0.29187408141355736,-0.691474508404714
2012-07-12,0.9163384985897705,-0.3321295092434973,-0.6786235943264609
2012-07-19,0.6882694388389893,-0.5149791426894409,-0.7479470035955329
2012-07-26,0.541989966608194,-0.6095266274800092,-0.8435084193982335
2012-08-02,0.5590906446438589,-0.7574087039127396,-0.9118727487383465
2012-08-09,0.4913088086063119,-0.9509769924597906,-0.9541623767546218
2012-08-16,0.4344901330466966,-1.0685776834783431,-1.0359361692931661
2012-08-23,0.5624857320559354,-1.1056325212751508,-1.02145092953531
2012-08-30,0.6992154123872762,-1.109691629824097,-1.008435264347566
2012-09-06,0.4574796977890747,-1.2627055907687672,-1.0363989539522558
2012-09-13,0.36386404575761433,-1.2420307664212917,-1.0741465059624344
2012-09-20,0.4598088825346289,-1.1774109704002078,-1.063694486360215
2012-09-27,0.4162767808238148,-1.0580776026836147,-1.0735140827388423
2012-10-04,0.5186088619600349,-0.9250721234911113,-1.0910229564214464
2012-10-11,1.1981109225905602,-0.44421493936029666,-1.042895008305201
2012-10-18,0.9515734093647785,-0.4265260568708625,-1.051719087354059
2012-10-25,0.6629403780424736,-0.3600223281834119,-1.0543305836591648
2012-11-01,0.9618949381296209,0.15277218922445202,-1.0325480808053464
2012-11-08,1.1157853530211534,0.5228875934488448,-0.8950612918904799
2012-11-15,0.7280613612938748,0.28587550164608116,-0.8121303600720714
2012-11-22,0.4445315586993144,0.2697108365916092,-0.7732470619535399
2012-11-29,0.7289414150607803,0.6343657107229492,-0.5308803700776357
2012-12-06,0.6031202171507624,0.6763632632812644,-0.40702771595323306
2012-12-13,0.962497782781115,1.1803213978594964,-0.1401084958889658
2012-12-20,1.397226239697518,1.6971710995736367,0.2742701676452147
2012-12-27,1.5078123429738297,1.885650522492936,0.6021306547959814
2013-01-03,1.090764127124913,1.6566774529989334,0.7390010174757364
2013-01-10,0.6187278971657459,1.3002008713048694,0.8254627157787799
2013-01-17,0.3278131061244909,0.9960946224896946,0.82453025711484
2013-01-24,0.24751619196759767,1.0077238283542065,0.8125874171711988
2013-01-31,0.8045908741005648,1.7731920256847404,1.0835499447408754
2013-02-07,0.9080852381461286,1.893840179334811,1.29021194098105
2013-02-14,0.5071763790855548,1.6755849289287745,1.3249313859789933
2013-02-21,0.21933927914603968,1.2986060092874963,1.3226406151513623
2013-02-28,-0.02080594229849453,0.9964305052236104,1.2820450714999758
2013-03-07,-0.032227311386671564,0.8550845639546658,1.2793585217174428
2013-03-14,-0.0653322634541541,0.9429947060893458,1.2478905813154826
2013-03-21,-0.11452685687518505,1.0056252368661784,1.2239341627412874
2013-03-28,-0.16640268691527804,0.7605006138121035,1.199297277810221
2013-04-04,-0.23503722493447432,0.543455160181175,1.1477223807597006
2013-04-11,0.0039877545923007185,0.9385176275310333,1.1989336605049876
2013-04-18,0.32324220499087336,0.7491103711948763,1.1747061167922754
2013-04-25,0.6043060459008838,1.0188578566843611,1.1920811381095446
2013-05-02,0.8140093008556184,1.280472631023107,1.2197290292254086
2013-05-09,0.863888722138467,1.113477408337573,1.2324461915424183
2013-05-16,0.7406975807437391,1.1979748796124623,1.2364327920290725
2013-05-23,0.8384319830840605,1.4275120944087538,1.274645571876242
2013-05-30,1.4762680312861458,1.6614267503492344,1.3587416752729173
2013-06-06,1.6312246279113696,1.439847735907914,1.4373404949817992
2013-06-13,1.7028468753187695,1.079891913325639,1.4670850726444187
2013-06-20,1.6039545521762983,0.90042128064509,1.4702767874883547
2013-06-27,1.540784671287232,0.5879768679743071,1.4101464536442876
2013-07-04,1.5071388389031144,0.37213348729679424,1.342146901353168
2013-07-11,1.1860578536625273,-0.05409496943634218,1.1977918540854466
2013-07-18,0.7877759622282919,-0.414256770052003,1.0387350929557184
2013-07-25,0.8900965859653751,-0.5974242011352471,0.9321065026673909
2013-08-01,0.7401149929773869,-0.7700436957308998,0.8535831929888407
2013-08-08,0.8685404871874974,-0.7108523238470064,0.8170897074458713
2013-08-15,0.7478742824969261,-0.9104408950882171,0.7074746750181847
2013-08-22,0.7946168137072733,-0.8519264996537006,0.6342722533483862
2013-08-29,0.7157485657405692,-0.8502771864271796,0.6047625526895697
2013-09-05,0.8334635116912124,-0.7357549379653594,0.5783623988874398
2013-09-12,1.0525625277320159,-0.4815764401062347,0.6179900483638056
2013-09-19,1.0793739933707125,-0.32634251584231166,0.6010693004757193
2013-09-26,0.8261903110712469,-0.5049115993928298,0.5780995681814461
2013-10-03,0.8801447615010721,-0.2035742236514431,0.5486773477712921
2013-10-10,1.0416482626917967,0.1960843191973672,0.5544990050252963
2013-10-17,1.3546754846632327,0.7740609421054901,0.6271674068132956
2013-10-24,1.174922951175947,0.9924170085053503,0.6685469696447839
2013-10-31,1.309107715096085,1.1616794960187073,0.7370571244029112
2013-11-07,1.7004076763730587,1.6550561860045296,0.8975129587421464
2013-11-14,1.5165848178743648,1.578911923111353,1.0045776281512704
2013-11-21,1.370630122158361,1.5924150065390235,1.019972651129243
2013-11-28,0.9584331914332744,1.2457882582848563,1.077251439624512
2013-12-05,0.6690062813232348,0.877825516051321,1.0615445473197453
2013-12-12,0.44008946534707594,0.6176519780740798,1.0238581666851105
2013-12-19,0.3896960820966744,0.7225772565902728,1.0047084121814336
2013-12-26,0.8755324374880118,1.5244810845866357,1.1320403076932803
2014-01-02,0.9457867082976446,1.7828101281168356,1.3474090878095457
2014-01-09,0.8156162048981715,1.6232422678496914,1.4648350904020473
2014-01-16,0.6652371887830428,1.388847930007733,1.5155658442788509
2014-01-23,0.4982662884862926,1.2471291242386184,1.5149938794708273
2014-01-30,0.4135720021037711,1.14355278131361,1.5054382702475608
2014-02-06,0.2581033961988888,1.0898746729275581,1.485534865039416
2014-02-13,0.5566547001881406,1.6648485637060697,1.5569576988609983
2014-02-20,0.42152659877613885,1.4295765884011091,1.6010523694950187
2014-02-27,0.2891905675700933,1.2849125863134436,1.6506267526435439
2014-03-06,0.1411730237265535,0.938602576486689,1.577230299619397
2014-03-13,0.08632610366482518,0.6802107366333159,1.516002829853298
2014-03-20,0.10208545261348545,0.5128468023104447,1.4569811640878525
2014-03-27,0.0819078775257911,0.3244460075996913,1.3991953685202612
2014-04-03,0.0786041790849355,0.1416988944342525,1.312644654913581
2014-04-10,0.08535458300605514,-0.05322470683289693,1.2176850079346302
2014-04-17,0.1011215888263691,-0.20418932067199597,1.156057072250007
2014-04-24,0.1818402704796041,-0.2575896960965198,1.0920548609574448
2014-05-01,0.29330593523284665,-0.2528373457225761,1.0424873715414493
2014-05-08,0.3413609888129116,-0.26994588881677395,1.0258120721286588
2014-05-15,0.30897678708004184,-0.3463195138337192,0.9784997304074536
2014-05-22,0.38014573007935926,-0.4244237976460028,0.8858111468598635
2014-05-29,0.30050284651066056,-0.5379229134073641,0.788215271095356
2014-06-05,0.2189841648508496,-0.7253523351889992,0.6890963176646279
2014-06-12,0.23393158131231773,-0.9291730063493914,0.573977088693987
2014-06-19,0.17214219228454902,-1.1573676734379859,0.41522559794064334
2014-06-26,0.3035320513530957,-1.2181332963334275,0.33300353816376704
2014-07-03,0.6286280732824996,-1.1495207732789856,0.3492806238641514
2014-07-10,1.2828729290881513,-0.6915903890778564,0.3993736555535756
2014-07-17,1.6314145581465866,-0.5052176712564067,0.4163355068065139
2014-07-24,1.6764350620145745,-0.24808075043926664,0.48260301251512217
2014-07-31,1.9043528060357693,0.018309412051458307,0.5328665783559138
2014-08-07,1.976523830577828,-0.0468028359885404,0.5640890176869942
2014-08-14,1.9166155496181012,0.013367846355047786,0.5905382251074104
2014-08-21,1.571508752465036,-0.16281037393785674,0.5573954558427707
2014-08-28,1.5249928214448212,-0.09888159276248237,0.5192088188325304
2014-09-04,1.2029218564341404,-0.30071875972259987,0.4569333998439802
2014-09-11,0.9819502299969307,-0.4660850934606433,0.39694173292582713
2014-09-18,0.974031036209663,-0.5202951297825845,0.3427372052439982
2014-09-25,0.8197851107357887,-0.6371134572346426,0.27815435398173316
2014-10-02,0.772788607891193,-0.6747270484480663,0.24707214879319886
2014-10-09,0.7999138795260896,-0.2989639188454902,0.24131919113116035
2014-10-16,0.9545858498001529,0.15512652965771836,0.2466000970206949
2014-10-23,0.7357463478106189,0.02137523368809849,0.2444560228388405
2014-10-30,0.5866760288341242,0.022882232944419545,0.22525891096126455
2014-11-06,0.6523780672609099,0.35350414602677926,0.21412227966209624
2014-11-13,0.932703801701424,0.660603057436414,0.23397171711800263
2014-11-20,0.7458028866223099,0.5245437225521217,0.2909603192305106
2014-11-27,0.5453851047783356,0.27420894863808454,0.30318385542578574
2014-12-04,0.3505260001830949,0.0607725592565949,0.2705819031401876
2014-12-11,0.2277681330171464,0.1660304492060516,0.24729669982160196
2014-12-18,0.29411737284372264,0.45228553052454545,0.2274198798254849
2014-12-25,0.3480511717455024,0.5998983841968565,0.22963822031689365
2015-01-01,0.6634652309629452,0.9190110525447339,0.257113466422458
2015-01-08,0.6094306579777288,1.1688971873080773,0.3255533846633837
2015-01-15,0.9568952574635207,1.6155575072422899,0.43856242109811205
2015-01-22,0.6333114324561893,1.4272079836085483,0.5214795751293769
2015-01-29,0.5288736580813737,1.5226300071393188,0.5973084758139579
2015-02-05,0.3188598586791064,1.2123441892263185,0.6037400931856439
2015-02-12,0.07471665857446597,0.8597220820718228,0.5740845577886098
2015-02-19,-0.03521521300053976,0.7876803226383378,0.5819698288858123
2015-02-26,0.10591059143926917,0.9903606212136551,0.587303927841713
2015-03-05,0.16534368494890417,0.9126731939456446,0.5859365154026506
2015-03-12,0.007145301090833667,0.617561650761594,0.5620973458217932
2015-03-19,-0.09989983030669941,0.3882036173746239,0.5230244324091862
2015-03-26,-0.0961647130719479,0.40343158919587196,0.474918408626096
2015-04-02,0.37330565360175333,0.7593963545590529,0.47890205400262786
2015-04-09,0.0727302720571475,0.5545232550190221,0.47856708846215934
2015-04-16,0.0284905919132451,0.3820767941546928,0.43221711557044007
2015-04-23,0.032033649996796115,0.2330944133258839,0.42497798856640856
2015-04-30,0.9483096751278749,0.9564759083925689,0.6376826044965986
2015-05-07,1.303517821423189,0.9808697577097089,0.8212620974303869
2015-05-14,1.3744162634798918,0.6520907617337222,0.870632714310375
2015-05-21,1.1732476085785477,0.3040895903210499,0.8518592301988446
2015-05-28,0.8267999688251746,0.02759435568472529,0.770241936082957
2015-06-04,0.6366272065654538,-0.18289310622864785,0.7031213184547197
2015-06-11,0.7033549117698186,-0.3121118689180572,0.7025627544797906
2015-06-18,0.7236310683700891,-0.4397998230344878,0.671970728986853
2015-06-25,0.4392609211495501,-0.7120430563210531,0.5474024769710777
2015-07-02,0.07943556105919564,-1.0137921044408658,0.39873705298861495
2015-07-09,-0.14015765374661443,-1.2204165202257848,0.2150655138895916
2015-07-16,-0.22867335955122758,-1.3617646792372948,0.08373391407906372
2015-07-23,-0.17435423673738148,-1.438227725671049,0.012303928171677025
2015-07-30,-0.1274461077442921,-1.526334116303889,-0.11605172316788714
2015-08-06,-0.10844121816228391,-1.5338519698001523,-0.18629806761587775
