date_mesure,A,F,E,B,D,C
2011-02-17,0.3755653799505744,0.5198011781785521,1.6175150148369928,-0.5202684229215488,0.184516262603267,0.4477913405030173
2011-02-24,0.5556012245632834,0.5601264867146066,1.5500024475681615,-0.49053095824916143,0.2103677798395172,0.5650840992846528
2011-03-03,0.4527538135675605,0.5753059043054768,1.5910044603792421,-0.45660894169914285,0.23188250557503304,0.5595304106671901
2011-03-10,0.32862134317453273,0.5950055437508658,1.670053812251258,-0.4214430102512811,0.23639288799594713,0.5062636522288901
2011-03-17,0.24945825922257425,0.5458242769696676,1.6451670726256582,-0.496991463641571,0.16915661292523868,0.4341655438091296
2011-03-24,0.14537374080272467,0.514172096144495,1.6767580659634782,-0.4734202332093971,0.15123203310685815,0.3754878777006254
2011-03-31,0.13147032352175356,0.5423765865888821,1.6964162788018409,-0.4786592429101229,0.11458526077331385,0.3553159527201459
2011-04-07,-0.003387788392544666,0.48618661741247576,1.6816872675446068,-0.5026248761194514,0.034473246478143066,0.27717421885186055
2011-04-14,-0.12294534029934728,0.4165117671775008,1.7266221408818487,-0.5238538251078732,-0.016855114526294485,0.21552549600279286
2011-04-21,-0.2355997388734659,0.2373355191261849,1.7092167003669965,-0.5889737436720062,-0.11507929369985119,0.09062472807031997
2011-04-28,-0.33150552040375125,0.22331553484416347,1.709165194021673,-0.6240490816152443,-0.16036910792920708,0.023606277908804634
2011-05-05,-0.4489418977773213,0.10390047801951102,1.6300635766518543,-0.6944196661630989,-0.2520869837297858,-0.10588729872485146
2011-05-12,-0.5416464863121934,-0.06390139524978092,1.5331877859196865,-0.7711257971496527,-0.362018055685789,-0.20725314604668285
2011-05-19,-0.6733964661305731,-0.3321747366889575,1.458205228464076,-0.8559598845749897,-0.46277671500437056,-0.34144532859662846
2011-05-26,-0.7927981069126575,-0.6145716802118376,1.3677907269225305,-0.8984321839074714,-0.5739370893569791,-0.4846788485566709
2011-06-02,-0.830028660385983,-0.7794792027191697,1.383575227212073,-0.947280154040213,-0.6577333919658742,-0.5427942452616324
2011-06-09,-0.8202117472564483,-0.6692059062436712,1.3614649667876453,-0.9214739656407998,-0.6421795562594174,-0.5872553934431493
2011-06-16,-0.9171956296309597,-0.8277023480099602,1.3425991129075974,-0.9666868011844489,-0.7368813526264901,-0.6808619937122042
2011-06-23,-1.0383845559397682,-1.249435765493404,1.229955915934585,-1.1253372813416864,-0.8480049796079624,-0.8469585711596014
2011-06-30,-1.1801940906595445,-1.6573458799457863,1.1962085383512997,-1.3361688289980167,-0.953647202570375,-0.9733299984451134
2011-07-07,-1.2684772848080794,-1.804186352969516,1.178083861321033,-1.3581355323853432,-1.0449288442590836,-1.0853517607052914
2011-07-14,-1.2126751195950123,-1.6145653526680888,1.1939524465722686,-1.2668800288340876,-1.040890251682743,-1.1140435706570182
2011-07-21,-1.073635268766109,-1.3676815921732812,1.1736913006045964,-1.1995664037569456,-1.0119798337836217,-1.089574498444214
2011-07-28,-1.1086856758092638,-1.313588057279202,1.1260733952459234,-1.2229514031687505,-1.056845566638651,-1.1172201440505185
2011-08-04,-1.1187606485071373,-1.3891882076175053,1.10787674948597,-1.2731003903611877,-1.098710811474455,-1.163980982566186
2011-08-11,-1.1945299816259822,-1.5220235681560643,1.0947719700956664,-1.4058112785887014,-1.1610063151148973,-1.2453526878234116
2011-08-18,-1.2483127691662645,-1.5948770143760858,1.0380739658462874,-1.4341434912223523,-1.2161572523464508,-1.3332297363207843
2011-08-25,-1.1818051473131546,-1.4541746235521789,1.0158902037430264,-1.425387505680686,-1.2162106274680256,-1.3101536685642692
2011-09-01,-1.1528902424888867,-1.278875885271847,0.9838592930112664,-1.4330888599593075,-1.2284903353352767,-1.3251125318747692
2011-09-08,-1.1919302528470406,-1.1475938452272665,0.9492924307131918,-1.4155217043306043,-1.2409881583797926,-1.3692479492409504
2011-09-15,-1.229165133475328,-1.0668809419124077,0.9041280216236509,-1.4359784983796997,-1.274179126294434,-1.4163439179028143
2011-09-22,-1.27893676396065,-0.9883149019680642,0.8532588805404941,-1.469058744132906,-1.3037090247672525,-1.4559412364677324
2011-09-29,-1.3324152787209973,-0.950149996995368,0.7860066422605827,-1.5236233300567177,-1.3445754671190537,-1.5036120913007291
2011-10-06,-1.3890491725566987,-0.9282748703497024,0.7249533390162675,-1.5481088006453234,-1.3693975752265526,-1.5312037856686653
2011-10-13,-1.4213418493394887,-0.8590433403468892,0.723149051638118,-1.5479141256243203,-1.3889832313736608,-1.5417784723851988
2011-10-20,-1.3888693477116465,-0.7520081816710149,0.7805502433253877,-1.4762005561330374,-1.385575081909099,-1.5269146779812806
2011-10-27,-1.3028928567938198,-0.6500399301531423,0.7814174361089306,-1.461332023773784,-1.4068443457169546,-1.4963191360121382
2011-11-03,-1.1116426583996044,-0.5401650856469655,0.8266461991978644,-1.419259063841653,-1.4020306045053625,-1.3882073262990073
2011-11-10,-1.0717451884429132,-0.5125666220866949,0.7870022120352687,-1.4228370605805107,-1.41240186222058,-1.3642963867704532
2011-11-17,-1.1521012413226206,-0.5035032976224686,0.7681919663129935,-1.4278762550563413,-1.4337685659192028,-1.3967727888418033
2011-11-24,-1.1904279920253746,-0.5539823092853009,0.7194397030671122,-1.4404762418543249,-1.468243412717017,-1.4241715087199704
2011-12-01,-1.0331612472035783,-0.44527819868204044,0.7526373268846429,-1.4288154652783531,-1.4623885033637036,-1.3685192509444704
2011-12-08,-0.594380536480097,-0.33966199819117937,0.801011363852889,-1.419175076969602,-1.4337204978177767,-1.1808643612234495
2011-12-15,0.6813074058391702,-0.17414779933268368,0.8757880408394367,-1.3311753486307907,-1.1052619869229146,-0.6713797742724806
2011-12-22,0.8471132522157265,-0.12033561033752728,0.8181334629386722,-1.3644870955397583,-0.9726899602160352,-0.31633557348749175
2011-12-29,0.8791624030992341,-0.013117424497458896,0.879610378460558,-1.2711191450202728,-0.8575840486901741,-0.09343726793619855
2012-01-05,1.1053448231184775,0.0949079632454621,0.8905317602876397,-1.2195680529313222,-0.6695337906920479,0.23414020162787907
2012-01-12,0.806613288945974,0.1288055062173849,0.9112563626052537,-1.2175506071962865,-0.6103993561311796,0.244286167237306
2012-01-19,0.6118195526827392,0.14557371539837763,0.903265597884289,-1.2195139899056413,-0.5978750256404048,0.19194347839422193
2012-01-26,0.5207913528222377,0.17117299525529608,0.9295268190473192,-1.1963593964860388,-0.5769452724308062,0.2289765004704481
2012-02-02,0.46482724681231147,0.12588268806351835,0.8512225497683386,-1.214367477104692,-0.5793374169717688,0.24385345564151967
2012-02-09,0.33340535041570507,0.004904945127968612,0.7665805375109835,-1.2540139448474588,-0.578158020880013,0.19410681233177812
2012-02-16,0.26047179350331756,-0.04618375849058804,0.6938899810024357,-1.2529689788061833,-0.6023000989502646,0.13900184693986425
2012-02-23,0.17501473134984,0.028459597770447896,0.7334410327332482,-1.265599045396119,-0.5902237273566455,0.10537721885100035
2012-03-01,0.08135353737919103,0.07002234023368774,0.7301476561995933,-1.2433135559134056,-0.6022343548497873,0.056008224398611015
2012-03-08,0.004610203307972183,0.08256164552426512,0.7288724744091566,-1.2466852222345548,-0.6372899789229014,0.0011558496861208967
2012-03-15,-0.045774066837493785,0.0927352519798807,0.7315384936330878,-1.2347978666063077,-0.6450198078808744,-0.04066323450652076
2012-03-22,-0.06625566306954957,0.10650661914307052,0.7519413956548326,-1.2447820559219571,-0.6673100095813642,-0.055366725948158974
2012-03-29,-0.16213646729707146,0.09155091248626296,0.7580195385548476,-1.2343896339202565,-0.6897750697583758,-0.11379442007815997
2012-04-05,-0.17363528876745807,0.09869476690516188,0.8552122273410661,-1.2350434188148347,-0.7272537270891989,-0.08415121828154229
2012-04-12,-0.11273550132941362,0.1130647244168739,0.8446242481742294,-1.2097502794773893,-0.7776288789281938,-0.04156209115167864
2012-04-19,0.20464902348731462,0.251845411374849,0.8924599825003484,-1.1248032251692839,-0.6758601811450918,0.2644879810162403
2012-04-26,1.1084862850296155,0.3857578980463946,0.9517548462538227,-0.9407644799400487,-0.3367129250833517,0.8209906118531289
2012-05-03,1.228264291693106,0.45091742072803803,0.9654177816907349,-0.8494744416090673,-0.04840676066260541,1.0075676497761643
2012-05-10,0.9219037666151029,0.3615907607371144,0.8722775891220664,-0.8757217452455444,-0.018687194525497608,0.8803945567326665
2012-05-17,0.7200155563268383,0.43168185250189095,0.9240366297460392,-0.7989360134206855,-0.008211574819656176,0.8315109637650571
2012-05-24,0.6042126512569435,0.3568607285399989,0.8615408406674983,-0.7925509554280992,-0.036461699508607615,0.7817792540515149
2012-05-31,0.3730809875032808,0.23170211101699545,0.7746437447405569,-0.8243684551641163,-0.07153318358537691,0.6572963825918294
2012-06-07,0.3260211306533327,0.2152402075134164,0.7583283912522486,-0.7886080176354977,-0.09767668877495211,0.6060581211540775
2012-06-14,0.3054898297558199,0.21437293474142538,0.7327921744104144,-0.8048361389426362,-0.12176856282933612,0.5450049180837143
2012-06-21,0.11024816693758918,0.034076336575027365,0.6807673683353075,-0.8365613287512412,-0.1757886687791524,0.4046550848862536
2012-06-28,-0.12631208532196408,-0.3908969295411168,0.6220420158498448,-0.9221511356759694,-0.32230580251334573,0.19643676943856309
2012-07-05,-0.22518887969611584,-0.6079203642695613,0.6415678555103186,-0.9468306651037248,-0.42545331285358556,0.09107817157752487
2012-07-12,-0.32755771786827315,-0.8068154789507589,0.5834304579598455,-1.0346302480606826,-0.5174014088934026,-0.07038555630706822
2012-07-19,-0.4851867406120802,-1.1543883650437508,0.5976128248311057,-1.1478350194262597,-0.6201665998804161,-0.21968889944597908
2012-07-26,-0.6589016966906424,-1.5122736464851934,0.5359920601639175,-1.2860124482667097,-0.7324448198237624,-0.3998168922462289
2012-08-02,-0.7813971675037112,-1.7464293551059853,0.4875319058426816,-1.380933839043195,-0.8277242558630461,-0.5248913451063333
2012-08-09,-0.9257959901082214,-1.9623600638481975,0.4151749664757616,-1.4727826546151923,-0.9257744852933848,-0.6828469589232392
2012-08-16,-1.0501192985404422,-2.09129357876062,0.36403408137538307,-1.57318271899162,-1.034480063561578,-0.8170196518439788
2012-08-23,-1.1481745508386378,-2.1105218027664643,0.27743668953671885,-1.5974607013888602,-1.111688808245701,-0.9459960228149361
2012-08-30,-1.2161941224121509,-2.0499653845106076,0.2030514108547976,-1.6103177625885905,-1.1332368547094167,-1.057340219280068
2012-09-06,-1.29315613804531,-2.0033480295875035,0.1387794225571275,-1.6359309672256221,-1.1643143079138771,-1.167570397127915
2012-09-13,-1.318906334580748,-1.813202769283303,0.11782161069498187,-1.64462005226633,-1.1413324186696916,-1.21808127584989
2012-09-20,-1.282481222891854,-1.6018504520659653,0.15277315212692866,-1.593147286257142,-1.155646544280577,-1.2302873113495827
2012-09-27,-1.1377067596727541,-1.365257060607461,0.12018124205996616,-1.5362527501323564,-1.1732303521200567,-1.1978263097287072
2012-10-04,-1.1481563663393772,-1.1977810411766938,0.09882320600090466,-1.4985068859589448,-1.1950325634677834,-1.236188341566258
2012-10-11,-0.9792475775340345,-1.0291549165733902,0.15843339510480514,-1.4572277959423694,-1.1951106914489829,-1.183223572413794
2012-10-18,-0.26486466120778734,-0.815173138130408,0.12034963901555207,-1.3816311580368985,-1.1114881511969137,-1.0183431228043744
2012-10-25,0.0026071254783001097,-0.6373975962711643,0.18971361545500298,-1.34169190148639,-1.0086661974214723,-0.8726290758055322
2012-11-01,0.3602810921483467,-0.5329044803718256,0.23689259667565465,-1.298129263013447,-0.8897849485054425,-0.7661071177307399
2012-11-08,0.5874199305392377,-0.4666703734062896,0.2827510362677256,-1.282334658361958,-0.7401221257687669,-0.5934128586185289
2012-11-15,0.4265809065260678,-0.34259875291003594,0.33086822780938235,-1.2605206089114518,-0.6928746768417999,-0.49866374896262716
2012-11-22,0.28281776927566055,-0.2770319174760653,0.31571837771416905,-1.2526974230978025,-0.6937474031417806,-0.4875349839002944
2012-11-29,0.3071657329186094,-0.2137760905023936,0.3499896039773044,-1.2383494733930283,-0.6893013948552451,-0.3920239868064861
2012-12-06,0.522818425630082,-0.12788803607595267,0.3245638517485561,-1.2048940720475776,-0.6069366159909498,-0.19545084864602752
2012-12-13,1.0740668713694832,0.03167389659316194,0.4247517011425317,-1.1113381171276993,-0.3784402698606827,0.1352824774323788
2012-12-20,1.4277023490613143,0.1512465160629679,0.41352075982742276,-1.0574538832143021,-0.09333040329419812,0.4624708636881992
2012-12-27,1.428523069519651,0.23593335325770537,0.42978369705361097,-1.0111805511641423,0.072516498527334,0.5294331607133034
2013-01-03,1.2718951318024656,0.28484838668514245,0.37644650575240335,-0.9795874498842893,0.14448393504449747,0.5455510013998255
2013-01-10,1.1249739982500229,0.4341014474229753,0.5221845411741851,-0.8745978471147894,0.20845585269068395,0.65065220437438
2013-01-17,1.5150788116400928,0.6926967418511816,0.6384033719598536,-0.6534621981661363,0.4843398213096958,1.1001680296706349
2013-01-24,1.7390418537564745,0.7971710942771932,0.5532513272199333,-0.5590425992452601,0.8530499279541475,1.3564791276016945
2013-01-31,1.8203069504389475,0.8933847531825271,0.5566041609444812,-0.3689449639495779,1.101331394853082,1.460496500948524
2013-02-07,1.8996727095095902,1.0169339954479657,0.6515729306145622,-0.18708310240695258,1.331716008522834,1.6709911406619122
2013-02-14,1.7302568381691523,1.0339933347559906,0.6286342244981179,-0.06511389198748363,1.5243883646030563,1.6884191701306095
2013-02-21,1.3648396375079757,1.0048477997413214,0.6343320325887396,-0.02888706587809997,1.507780043721061,1.4910849678734186
2013-02-28,1.084659825927079,0.9716400511122525,0.6847057084399392,0.020149106244148562,1.4645579785135179,1.3269894342096582
2013-03-07,0.9372455783837287,0.9976572542583927,0.7949802312794466,0.0770621249385589,1.4160296381535131,1.2401217467025623
2013-03-14,0.883118158942982,0.987914986571504,0.7857304778463482,0.11937114874394139,1.3418580189465499,1.1902204025717331
2013-03-21,0.9447497950343444,1.002405703021094,0.833072224564515,0.15583509853515187,1.315639930444835,1.1806554235110567
2013-03-28,0.9776434688264096,1.0579996935952178,0.8689726347425051,0.2193739240231305,1.2974341183247613,1.2614369135582404
2013-04-04,0.9329034144032814,1.0512567498324261,0.8246004246134314,0.261655477624925,1.293665734130379,1.2797694488613969
2013-04-11,1.198734942151431,1.0029541710664336,0.7807311214373541,0.3219140617197055,1.3019941128405241,1.2656543201315962
2013-04-18,0.9348847727352152,0.9432078564604501,0.6977050822746396,0.30581714194652587,1.2746055195238872,1.1197366965535562
2013-04-25,0.7604829769345289,0.9582821011152922,0.7761891676525342,0.3601753549001252,1.2275498988008013,1.0579194724798129
2013-05-02,0.7145475340147747,0.961388517395173,0.7445984198250137,0.3746390868041552,1.1842907123101725,1.0102049616633484
2013-05-09,0.5835050349919021,0.9575728080590329,0.7702505373779635,0.38801158884420733,1.130992571622498,0.9499056495735251
2013-05-16,0.7252142231478675,0.9611726650331829,0.8266110778943355,0.475125935111797,1.1262752431857366,1.00228626055568
2013-05-23,0.9584485517928786,0.9876867904797341,0.8344605596355155,0.49398711214239893,1.1563614127829693,1.1327073298301529
2013-05-30,0.9922334803341727,1.0411452836515465,0.8163098997266498,0.5500929363089296,1.1912004954657447,1.2776772610094174
2013-06-06,0.8329037104439576,1.0583414090700451,0.8105305638477228,0.6055197651717407,1.233741382275868,1.311916709768124
2013-06-13,0.7723705484618134,1.0398261681802032,0.802668326340009,0.6636056774594128,1.2738517318019171,1.2803352354491406
2013-06-20,1.0651674342352784,1.0762451011800989,0.8567446256477529,0.7373806450753776,1.4893023853933531,1.4374124876953431
2013-06-27,0.7328986793316028,0.9543276045385498,0.8411649801266593,0.733008950255299,1.4248842208400754,1.2236276843159122
2013-07-04,0.4492128649291685,0.6562964922036212,0.8087632957905053,0.6745607008438916,1.2779028880586332,1.0159763754046844
2013-07-11,0.1594609591267785,-0.047335131998873625,0.6838836652944402,0.4691144126820349,1.0664945195661644,0.7765417785969297
2013-07-18,-0.08679141763525841,-0.6111673925629916,0.5684088249342956,0.34167920686794706,0.8458319893301195,0.5556057413885848
2013-07-25,-0.11950182531480916,-0.8663947763875858,0.5047703895514651,0.25650715272665114,0.7755795979394764,0.42982796337064977
2013-08-01,-0.2695488967551691,-1.0216654969385783,0.45721223501303127,0.1754100137652404,0.7022184889245666,0.25531020069497484
2013-08-08,-0.3721452563978046,-1.080399005387264,0.41244965498039077,0.12076553209970606,0.6343589600937899,0.15476426999915693
2013-08-15,-0.5631763681997937,-1.3791079502004968,0.3693076005669502,-0.04676376881003652,0.47701752952991083,-0.03196719302339002
2013-08-22,-0.649787027064493,-1.4273638969280356,0.3558396493220097,-0.03530071475726032,0.4151557117701083,-0.16659253617797184
2013-08-29,-0.7650411789919298,-1.448731051667309,0.2610754667290438,-0.06960609499028703,0.30677347023941137,-0.3551365154684197
2013-09-05,-0.8131364182129376,-1.227643718019594,0.266719534598043,-0.034673948779373576,0.27963787343955093,-0.43265866774417455
2013-09-12,-0.7314504415697294,-0.8805277739115469,0.26892022935228416,0.042560989506395364,0.28585416680639225,-0.41278736893058104
2013-09-19,-0.6554073488868979,-0.6224933600565392,0.2871247910165217,0.08345039709056362,0.25172547976832976,-0.40896329261917597
2013-09-26,-0.6739836987651975,-0.43697803734994056,0.3143670438544226,0.11690394311178948,0.2206028797682268,-0.44989656882996465
2013-10-03,-0.5264270308262923,-0.3110690530804484,0.28620880541722293,0.10381725635695543,0.1932614165110077,-0.3487045527113897
2013-10-10,-0.5036661114122518,-0.18434611680007515,0.2805633148963229,0.11271290579870749,0.1759054611166649,-0.3043274773435316
2013-10-17,-0.391436824219233,-0.047705221246606505,0.35629018635712134,0.1286935505373697,0.17839091819352842,-0.25817113817549975
2013-10-24,-0.32584340136161066,-0.02301859546838829,0.36250249949898833,0.12034217833448928,0.13596769327933167,-0.2782961124166222
2013-10-31,0.15521330546737178,0.10220922740491376,0.43644206617566195,0.16485194617835072,0.17450093300933744,-0.1192044415682986
2013-11-07,1.080842285574867,0.29406531521648205,0.47694453257724145,0.27799105694322634,0.40935386953242403,0.3567194564345054
2013-11-14,1.084900065304939,0.403260028579745,0.4907606137220687,0.3544431996658898,0.5529863591679277,0.5398391016567031
2013-11-21,0.9711309701089379,0.48139525140263517,0.4920363695909653,0.40004469183014113,0.608383365779701,0.6126381793319503
2013-11-28,0.7264510706200793,0.47225291650913587,0.4274978860874796,0.3652543293004439,0.6057935729295663,0.5609434019861723
2013-12-05,0.5071505163654638,0.49030883292556615,0.41569382994743503,0.33021686960372565,0.5694832888215737,0.4913031346471278
2013-12-12,0.3355527779771256,0.5290559660256856,0.4065382627016444,0.32638766711548256,0.5424962857595284,0.422000547426257
2013-12-19,0.3782253420844586,0.6236625687806112,0.48646576356632004,0.3669564805635564,0.5525572274843075,0.47609885579040656
2013-12-26,1.1558500874506095,0.7688584912225542,0.5612798008095603,0.4791153078519983,0.7199980775013872,0.7749362671252469
2014-01-02,1.4152869785376498,0.9067663990947454,0.6063665843714017,0.5796386830843505,0.9035103489595099,1.0225541080007239
2014-01-09,1.2470110234486302,0.9184413066022084,0.5406772133465346,0.5965229052957925,0.9876438644094432,1.0349035284359132
2014-01-16,1.3510730150898977,1.034125942539766,0.6641117448579217,0.6978834595857242,1.099947040328753,1.1475668822156841
2014-01-23,1.680338322339763,1.1422533098129257,0.6922820519395824,0.88282990264839,1.3511118747788275,1.4512342048929077
2014-01-30,1.9225420494795655,1.3321783584580533,0.8374976098663809,1.1163966056629788,1.7884132081535586,1.8061458818245264
2014-02-06,1.9638413689734548,1.4383306336737063,0.819873871804035,1.2732354588015091,2.011709182804148,1.88521265925158
2014-02-13,1.9607020822997423,1.4618029070189231,0.7848210219671041,1.337939683176769,2.144284980732071,1.9212018778647986
2014-02-20,1.7190301545891888,1.380876236656988,0.7148661571630303,1.3855310150580384,2.165352208836747,1.8254008204957806
2014-02-27,1.84464712033802,1.5292642989654976,0.8093913030692992,1.544146185843369,2.252939891069549,1.917180419838979
2014-03-06,1.6949390475326218,1.490793707279226,0.6947653720411893,1.5700402213242248,2.2800805225149317,1.8732061035351262
2014-03-13,1.329944875842973,1.4031408560504874,0.6882987493090976,1.5801848892540848,2.2214774597662927,1.688264361989939
2014-03-20,1.1734649169306612,1.389433396327701,0.7753673538156601,1.6586463104454647,2.180746068731204,1.611025015687517
2014-03-27,1.1298393796272852,1.4815801309318615,0.8502978473770316,1.7385281627571745,2.1721160323262163,1.6068453578014106
2014-04-03,1.0020126007336274,1.4573964887482243,0.81517255334029,1.7450868510304782,2.1066881777430657,1.5054739965214836
2014-04-10,0.7555191739404438,1.3759996127206597,0.7725864145134431,1.7465613556738067,2.006118084651462,1.355284610844779
2014-04-17,0.5597169624925683,1.3093372338398308,0.8211224305321339,1.7315263119376076,1.9116962802895052,1.2314466164512945
2014-04-24,0.4713488619240642,1.2943850308817615,0.8155733457839129,1.7257744360317067,1.8139156079791998,1.1523123932034427
2014-05-01,0.4612321652350746,1.249652489999932,0.812992862538936,1.7246658949402098,1.744859664908921,1.0837396841374725
2014-05-08,0.28366993749155023,1.1587135857591018,0.7677071975279186,1.6813606186289896,1.6198328264940836,0.9380420273090406
2014-05-15,0.18299455806549758,1.1103952253756162,0.8021304066035861,1.6825728435536993,1.5233755306195613,0.8474623603759134
2014-05-22,0.695473135117507,1.1709142938075783,0.8122658230519424,1.736719794967256,1.5602233189461945,0.9202466073632387
2014-05-29,0.6136832034673187,1.1657223472556215,0.7565941369642714,1.7297503295522842,1.512842198897979,0.8884257648556636
2014-06-05,0.3776611644610431,1.0791052998326822,0.7345224594661002,1.7140720643684877,1.4420453496983834,0.7640252220703051
2014-06-12,0.17790583749031186,0.817462553371594,0.6829486154816092,1.5931059712574231,1.319520146438446,0.6151292609797235
2014-06-19,0.0021580187389933503,0.4276268060672226,0.6300676039563219,1.4743214247994443,1.1739374883441567,0.45141557595261866
2014-06-26,-0.04087478163173447,0.18268812219851133,0.6221317758037825,1.4173113995755235,1.1021040089554965,0.3228614909080689
2014-07-03,-0.09444993960633025,0.19284099696982904,0.5920149037745033,1.4214077749291762,1.0118148326561012,0.26437924066179064
2014-07-10,-0.13094903738503116,0.19937678031138598,0.5829916615131929,1.3938933864243592,0.9294582665241298,0.21681291947849615
2014-07-17,-0.21976034426120522,-0.12277657316797264,0.5495450298686344,1.3197127218413902,0.8326154865765647,0.11572462277562755
2014-07-24,-0.3405091522844133,-0.3247117417654546,0.5290991631549282,1.2090272466059677,0.7062854871476227,0.030114786070085733
2014-07-31,-0.45573848022656016,-0.5467269068223286,0.5087021387245286,1.166857050467109,0.614589646897484,-0.06954936504731797
2014-08-07,-0.3526381812202683,-0.44898516618183215,0.5560156886052284,1.1616099782047091,0.5792353952944028,-0.1584446129234457
2014-08-14,-0.23180535884052827,-0.2903806547756649,0.5404773581828481,1.1506291446986354,0.5366512666655372,-0.1566468381908806
2014-08-21,-0.36608218411330484,-0.3724250603862992,0.5311993349754326,1.0627424471719242,0.471760934983367,-0.26606124894453376
2014-08-28,-0.4248596478477937,-0.28454992986945393,0.5256319539291122,1.0303514041315924,0.3924313218841453,-0.3350881103161869
2014-09-04,-0.5619995260974683,-0.3726278514986266,0.5471250384292108,0.9570034563507211,0.3248783567761486,-0.42885480439779056
2014-09-11,-0.6404771980876208,-0.3128671094051906,0.5129245625411221,0.9425417878213678,0.2315882122854045,-0.5172140581740476
2014-09-18,-0.6662086137690256,-0.1897153357779666,0.4914745971508021,0.9023722247932356,0.16156113450065,-0.5693209646909436
2014-09-25,-0.7591922771051991,-0.12188208351783222,0.42941805969716007,0.866507567561361,0.0743089223085131,-0.6575610651571908
2014-10-02,-0.7847372637915259,-0.05947493820338967,0.4062431863293295,0.8786550606746273,0.04278025930498386,-0.68589568567816
2014-10-09,-0.5675116878404585,0.13227885068357823,0.46782852742539494,0.9093139629478277,0.03852468222087907,-0.5926618895818624
2014-10-16,-0.5681098000406534,0.1583615431066143,0.4090395740637566,0.8629138293151711,-0.020010330726197595,-0.6334042501025493
2014-10-23,-0.6153732123148326,0.20872409810328763,0.4255560621874315,0.856193203229989,-0.0690341788337942,-0.6681318188940006
2014-10-30,-0.621234117252764,0.3007739190440246,0.4249893929594507,0.8769410730281069,-0.09773293683523951,-0.667791400181592
2014-11-06,-0.44833002855774134,0.4308432976599244,0.43879930908623305,0.9142977979318376,-0.10754578263788254,-0.5768718919962544
2014-11-13,-0.01576396516734073,0.516543712051228,0.5892709181469794,0.9379036832013729,-0.07837223897924361,-0.420689842900967
2014-11-20,0.38888794679550664,0.5792456978415048,0.5917928398320257,0.958096071409145,0.012892255755176496,-0.1486950727507823
2014-11-27,0.31299242947722744,0.6298066267821935,0.6889152959928766,0.9817181713490111,0.025361902913380197,-0.017767399125071803
2014-12-04,0.17580421657428064,0.5727371569455539,0.5974943385036534,0.8900325284165911,-0.051758131949711406,-0.052211634994038914
2014-12-11,0.10146222463406568,0.6265539225709728,0.6201483924968094,0.9230995574766142,-0.055460196323706384,-0.022546415550485838
2014-12-18,0.2608378541267732,0.6229555824232759,0.5573205918801367,0.8532276110411817,-0.08276929089875229,0.06129350909126616
2014-12-25,0.29479217806051927,0.7040536297732871,0.5996248291493844,0.848540526374209,-0.06357493953805005,0.17267341500903063
2015-01-01,0.23896836267444854,0.7107964074129454,0.5445567219611269,0.7977470751779472,-0.06634948645552385,0.19448301524761882
2015-01-08,0.35032668655395593,0.756938310452766,0.5613560545252647,0.8152553985704621,-0.07521253246813597,0.22210859673811426
2015-01-15,0.8426151471305436,0.9200989843157987,0.6887549112171374,0.9008873269394821,0.04931742992877641,0.3973050039726651
2015-01-22,0.7635798792809574,0.9144805917731876,0.6032586238081665,0.8327616082812171,0.07672141495189533,0.43063076621497626
2015-01-29,1.2583971486414036,1.1355172858474145,0.787475805011774,1.0209378711483064,0.3198695487613832,0.8667103543242205
2015-02-05,1.0061689396489804,1.0490264026471887,0.6192367660412694,0.9426931904322938,0.3977142985293561,0.8383588698552805
2015-02-12,0.8455977869291565,1.068384641005192,0.6389718369289079,0.9822357380355861,0.4370558462137595,0.8378064130396585
2015-02-19,1.0729846185643501,1.1729453594915746,0.7049926828579444,1.0618258801808815,0.5348713563589953,0.993174091203887
2015-02-26,1.4665983607192083,1.267918515152102,0.6780014787668678,1.1608614944451423,0.7614334494725747,1.289909552942467
2015-03-05,1.3472314144918933,1.2984773341155122,0.6437087408204951,1.2122840100739096,0.9519372120120762,1.3582990116855786
2015-03-12,0.9948744742164504,1.2924705805921077,0.6762544917809861,1.2421846109639993,0.9825008173976957,1.2225505207295042
2015-03-19,0.7833445228939051,1.310912014743932,0.7500090210545762,1.283477941008074,0.9592192108877736,1.1362519272118206
2015-03-26,0.6771826469563398,1.2591205765020606,0.6322595745179107,1.2728142624855463,0.8873893757067775,1.0233959395743213
2015-04-02,0.5982979118241443,1.2456288092246366,0.6557228117758637,1.2739832894606766,0.8770181226374261,0.9998294620076835
2015-04-09,0.3811722333400334,1.1656199864744639,0.5971523194678529,1.2433477219145574,0.7994550097404338,0.8653611570651402
2015-04-16,0.2887208456252315,1.1477787252956837,0.613873328903078,1.2319074499830576,0.7369616096172273,0.8189250490324014
2015-04-23,0.20637800090543518,1.080066752263418,0.5922992893788814,1.2176771146360807,0.6984280817428281,0.7541743232534048
2015-04-30,0.6874853117812085,1.1602665204795202,0.6447031449589766,1.283846448877341,0.7570900742106861,0.8446784307689736
2015-05-07,0.6518494939093465,1.1210066215830514,0.5379734557062874,1.2203418203105016,0.7283610562364647,0.7695952957156622
2015-05-14,0.4119538102120176,1.0851761378369267,0.5152939879298992,1.1830460584699292,0.6546572317444397,0.6712274182386027
2015-05-21,0.1894097246322204,1.0003348670367793,0.4180977989122657,1.1433212371142052,0.5501499750797665,0.5298773084803032
2015-05-28,-0.013561603521432819,0.802843604995503,0.3762071549415583,1.071917676870552,0.42543306829145555,0.4132458367923921
2015-06-04,-0.18536261829499515,0.41772893181939225,0.2543393382604344,0.9581743503677129,0.30022394177245565,0.22251517806402496
2015-06-11,-0.056562814355249846,0.5187170551305931,0.26357286821826403,0.9926658207352372,0.3229150969828414,0.24132938205140295
2015-06-18,-0.16791159305252762,0.4490765579742886,0.14839194238804598,0.953135193676188,0.28262651240933534,0.13823784041085044
2015-06-25,-0.44422044205333294,-0.1296585066813446,0.02511143302129172,0.7645296846412737,0.08244023456660843,-0.06674488282514035
2015-07-02,-0.6515233378622054,-0.7018776581090238,-0.09919048555365245,0.5488173671045784,-0.07683882102911274,-0.25310192675631676
2015-07-09,-0.8325982372717988,-1.1150928381733007,-0.2550981241743179,0.37146827190017073,-0.2061637320346672,-0.46427464267462604
2015-07-16,-0.9468187543952529,-1.3809967548313797,-0.3534958878226348,0.2650859093064455,-0.35900921075252756,-0.627052446915257
2015-07-23,-1.0511213044175411,-1.5168449224253417,-0.4065082950705298,0.26182901749387477,-0.4459356772450722,-0.768446699845158
2015-07-30,-1.0854371215780032,-1.501707401496235,-0.4236514987438843,0.22561918911270706,-0.48785733407867415,-0.8512233502024529
2015-08-06,-1.060710653677607,-1.4698881107185127,-0.45101251080029575,0.18583824228974932,-0.5531114786530656,-0.9080380522534115
2015-08-13,-0.9404412886481444,-1.1048500911101113,-0.40405161986630433,0.2818216379049947,-0.5085154209998093,-0.864675314582293
2015-08-20,-0.9664754578547556,-0.9863979013506761,-0.3948042564036166,0.2844371406027464,-0.5302892602282564,-0.9357483200040797
2015-08-27,-0.9209140766664698,-0.9029309399644173,-0.4157692247888524,0.19727033358191148,-0.5369879590629003,-0.9926231582289526
2015-09-03,-0.9310649353922316,-0.7232895548595931,-0.5060740375636515,0.2353685441383142,-0.544517101215797,-1.0381902433642551
2015-09-10,-0.8831903544574005,-0.5041188701894036,-0.44468100167924995,0.2982596866023832,-0.546922255128124,-1.0148033049785687
2015-09-17,-0.530952662101921,-0.3443619635877436,-0.5181664611217929,0.2816580528944488,-0.5312243139565472,-0.980284354365365
2015-09-24,-0.5798482382615974,-0.2631667009332536,-0.5310039903395144,0.2626809952819441,-0.5429616487867411,-1.0000310796487202
2015-10-01,-0.6450704970344177,-0.17249638855708516,-0.5237709072145852,0.26920948160322555,-0.5582198974843646,-1.0103764662927324
2015-10-08,-0.6839646861326709,-0.11208626898237062,-0.5312673857256067,0.23940131449173807,-0.5906895367001277,-1.0153864757425697
2015-10-15,-0.7650530577686321,-0.07197292423939039,-0.5642141386810371,0.19304436616465048,-0.6335144966893832,-1.0544445077089968
2015-10-22,-0.8146098866096305,-0.0013037756100860998,-0.5363820139800884,0.1893848899502234,-0.6585175439444552,-1.0583681788891828
2015-10-29,-0.8153408095072859,0.03080952532837744,-0.5745995935854227,0.16217195952234265,-0.6913069433595924,-1.0722999319500466
2015-11-05,-0.8730829399197245,0.0290249688406794,-0.6346005158033408,0.11086255549261448,-0.7185464135330933,-1.1148452899749706
2015-11-12,-0.9130206748387331,0.07286096453711577,-0.6226268018896739,0.0663577929968251,-0.7737457525477225,-1.123889756705722
2015-11-19,-0.6601273135458123,0.15587109046769598,-0.5629140065787138,0.06831355541575401,-0.7531969326380289,-1.0112447177645114
2015-11-26,-0.5094944781642897,0.1738116443248301,-0.5645181878801353,-0.0008625936533654954,-0.761048105080903,-0.9445926170602883
2015-12-03,-0.5856543525969894,0.16656287521197044,-0.5917773109694333,-0.0426654463611873,-0.7874151479272969,-0.9698097370240901
2015-12-10,-0.630296639196178,0.21267773915973065,-0.5530728321159264,-0.05695459279071091,-0.7974948547185556,-0.969517553806319
2015-12-17,-0.6799898616528512,0.22371783060875028,-0.5576987654178923,-0.08670164813168191,-0.8192712304723657,-0.9895367765516648
2015-12-24,-0.6930263872381994,0.25002783154747643,-0.5458919351431266,-0.114819971765947,-0.8473076314491812,-0.9949651694513166
2015-12-31,-0.39023388600634085,0.34523566243295517,-0.4314552684169536,-0.06504228741843399,-0.8239179311123045,-0.8607987909702774
2016-01-07,1.1269927493897451,0.5670902937212319,-0.1858821934227235,0.10724569621102939,-0.4301615314901487,-0.05088742014579567
2016-01-14,1.2918135211363602,0.6448651881929897,-0.2405944559068237,0.19958572852590378,-0.14381033691964573,0.39703096131193955
2016-01-21,1.041305744820165,0.6260549058026874,-0.3001095861469144,0.20932527140700058,-0.06770365939263301,0.48895301844746053
2016-01-28,1.0184535133154125,0.6348329027586088,-0.33472887731495593,0.2438672683341459,0.024411674113845816,0.5362754956881012
2016-02-04,1.364395215562629,0.7844486900383421,-0.17404640477019517,0.3513104146714723,0.23238612873029596,0.8032620323706567
2016-02-11,1.8643325728972924,1.0262993079265688,-0.03595445455852886,0.6728274610704066,0.720153716881339,1.371263878130021
2016-02-18,1.6349636650031742,1.103326464917408,-0.14202058172371523,0.7185755616464036,0.991497006640705,1.3882345570835148
2016-02-25,1.5841584052162057,1.1620071241377259,-0.0575920025982386,0.8230505826800755,1.0955879746639836,1.3729955834901526
2016-03-03,1.70916661882733,1.2678634914416238,-0.004753962292239011,0.9456364716649572,1.2307911187754144,1.526180256654381
2016-03-10,1.5822511411870503,1.2519039037261301,-0.06921384162186572,0.9852200990843806,1.323664434025014,1.5073650223784898
2016-03-17,1.1955107997143566,1.2154580903721486,-0.04262900932456204,1.027421300163771,1.3180906704356246,1.3794902923848222
2016-03-24,0.94369185894918,1.1749700166194494,-0.011804366120548915,1.042572896629974,1.2832093210290523,1.2448553591400808
2016-03-31,0.8974948171622261,1.1899157287257422,0.035493499069156886,1.098348072165058,1.247121385740328,1.2103607894787514
2016-04-07,0.8639827635075492,1.2036842710758753,0.08226630023402326,1.098903575375002,1.216392898470481,1.1843954435154833
2016-04-14,0.8885093616239973,1.174308734152599,0.07268610068131154,1.1238605320424861,1.1781455718003722,1.186231895318238
2016-04-21,0.7436986243839362,1.1570683155960624,0.08446339624125354,1.1024711666057876,1.1528337537634348,1.152316247071456
2016-04-28,0.5313439815110914,1.0849614658186866,0.040133488425316166,1.0890536379922175,1.0631929875021207,1.0196717607950072
2016-05-05,0.39217203368878745,1.0818336162983875,0.18118008347238324,1.144061295422377,1.0303368452000958,0.957993526527253
2016-05-12,0.30020105979859435,1.000376945857961,0.1082515501214244,1.1066401811366764,0.9533115426357734,0.8196208322323417
2016-05-19,0.2760855541008572,0.9605813743417129,0.12832780408723743,1.1085622607671823,0.902021482161764,0.7822888948408382
2016-05-26,0.3979007187257623,0.9311936374897187,0.1842915564708123,1.160712249003611,0.8991053517949358,0.7964680182311809
2016-06-02,0.5731664691392807,0.9204321973357354,0.16959713859088044,1.1695392869505736,0.9438063474569953,0.9016976592541478
2016-06-09,0.37349120480567666,0.8477462647437373,0.16363567306200333,1.135258851655378,0.9165251126320213,0.7897176568748325
2016-06-16,0.43136476267447715,0.8583563799383932,0.17234674593384713,1.1276303411553537,0.8935615457816266,0.8330283753708285
2016-06-23,0.21016681123783237,0.6068502582579269,0.11091636601898552,1.0517930017455202,0.8304787324727401,0.716787493611733
2016-06-30,-0.015227354849842334,0.2235236382770501,0.07125470051586347,0.937761011851819,0.6799214585293136,0.5530138285766226
2016-07-07,-0.24002157731051002,-0.42034389914151626,-0.02806506770949979,0.7160416083641136,0.5494747560530894,0.3540011806511615
2016-07-14,-0.4407400898636536,-0.8506138895779194,-0.09987555320167388,0.55533231606211,0.4030049474778303,0.1316097885097565
2016-07-21,-0.5980864622057198,-1.2364531784785022,-0.1847850817171446,0.4429356704975126,0.24396668683903078,-0.06998630188808813
2016-07-28,-0.7435638732544116,-1.4869136895453572,-0.2440038761240971,0.3654913922465266,0.1007143110820038,-0.24016106428195372
2016-08-04,-0.8387171191006496,-1.5851376197961362,-0.3194394903072763,0.2714630062809811,0.04345864938040711,-0.40638242471646147
2016-08-11,-0.9969774604006842,-1.8086303162243715,-0.348090542569029,0.13555282364259225,-0.11796764905179513,-0.582937940062823
2016-08-18,-1.064242223716401,-1.874901451020229,-0.3588929226565856,0.11286851604634462,-0.19688871201962033,-0.6977808006272493
2016-08-25,-1.187777225605135,-2.000840114264971,-0.434826282355595,0.025640987200471033,-0.2968322641385146,-0.8414389646364837
2016-09-01,-1.2578189330652525,-1.9554088534727705,-0.5561728943829718,-0.014353442407152195,-0.37533187468137774,-0.9638109744133357
2016-09-08,-1.2778774978907392,-1.7969266393629997,-0.6185987208239818,-0.0030210319878035685,-0.42300722109880984,-1.0396712515846642
2016-09-15,-1.1480903841515926,-1.392409420243387,-0.62201090886011,0.08381193804505394,-0.40048881572974443,-1.0022016941280922
2016-09-22,-1.1894106176095804,-1.164155070445882,-0.6682158352175778,0.07710020508545101,-0.44952823557056065,-1.0716054796764034
2016-09-29,-1.19885188873322,-0.9504861782332101,-0.6519828624730972,0.08340030771875162,-0.48235787779120703,-1.0703121691838906
2016-10-06,-1.264792841740694,-0.8414156800482933,-0.6934897338743623,0.08430422431470996,-0.5196048005807287,-1.1119593778359727
2016-10-13,-1.2510724373347144,-0.7079122158007525,-0.634159514729034,0.07111273591320721,-0.5730022768752099,-1.1013766281533266
2016-10-20,-1.2319197247385063,-0.6037179101021918,-0.6480893657911838,0.10263133264856306,-0.6143636645676465,-1.1244702254722587
2016-10-27,-1.2225988652210105,-0.5327230829063305,-0.6695623221260384,0.07741092711186737,-0.6616717490080261,-1.1600744692397111
2016-11-03,-1.1780750223445975,-0.38484730503203074,-0.5715985991610806,0.10379458216847182,-0.657271249686094,-1.1344763344817537
2016-11-10,-0.9807556107696256,-0.33362864511819634,-0.5784213313862191,0.07596538195826863,-0.697450082728969,-1.058626015702697
2016-11-17,-0.8681734946001068,-0.1782370660940817,-0.461637354339418,0.12681761755189558,-0.6811853990091099,-0.9480478194524147
2016-11-24,-0.5871455708285762,-0.13961987317952224,-0.5105130518718205,0.09002956609005441,-0.6766854274582693,-0.796099044906315
2016-12-01,-0.6635720772926632,-0.1320705236208281,-0.5881917134442246,0.05838776846496796,-0.7020823941985216,-0.8060912635393851
2016-12-08,-0.7513917634763541,-0.14693630258426066,-0.6425584749794547,0.013472280309439366,-0.7425537511978217,-0.8439411962516472
2016-12-15,-0.793762993301449,-0.11594563048734408,-0.6362320279385985,-0.003561574446096172,-0.7864477890155204,-0.8744191317305026
2016-12-22,-0.8050437156259453,-0.13317664526216155,-0.6999666631855368,-0.052781155582825035,-0.8024583862433762,-0.9193811380559861
2016-12-29,-0.816945651055045,-0.09180961403964905,-0.6262109748141327,-0.056689606170377105,-0.8143596826856391,-0.9158746161680321
2017-01-05,-0.8485432401415456,-0.0908323309271577,-0.6275020911111675,-0.08899971196010092,-0.8459236956758598,-0.9514385742867708
2017-01-12,-0.6760999342893683,-0.013882464865967226,-0.5800473638104322,-0.08828213370887095,-0.8799753519311906,-0.8494641256450949
2017-01-19,-0.6149982608721427,-0.03232739891638925,-0.6407769557487166,-0.13615260467668017,-0.8922112714816689,-0.820158326382382
2017-01-26,-0.6368714218408187,0.0072603788328825525,-0.5680807259069507,-0.16385160366762708,-0.8995783668709639,-0.7877405028928305
2017-02-02,-0.26203153636924037,0.11693276398454722,-0.5350645255524316,-0.12545112009877402,-0.8998122331434056,-0.5469860081332657
2017-02-09,0.1203968410531513,0.18642437045533833,-0.5430223509063455,-0.10173955647289032,-0.7939669578734898,-0.2833533049975048
2017-02-16,-0.051520586240662636,0.12345891110256635,-0.6468222101867076,-0.1427370566599674,-0.7432149403227795,-0.3087767967528874
2017-02-23,-0.10167227469366551,0.2055058524301654,-0.5236014085819227,-0.11634999705556046,-0.7103144295885683,-0.26112084455995344
2017-03-02,0.6714269363025612,0.2864913539834845,-0.45869205933514356,-0.03080227563181087,-0.5654180730299142,0.07136523547128214
2017-03-09,0.9445618726638141,0.318125727457408,-0.5078042480398169,-0.006433373795459718,-0.38464802856723446,0.35864297806521395
2017-03-16,0.6094511884112523,0.3260821267575159,-0.4997387654946511,0.02482630416507875,-0.2849129426699172,0.3542169703363286
2017-03-23,0.5167021273890917,0.36707124019696313,-0.44331612507404417,0.054983646589580354,-0.226238146306442,0.37256629362489446
2017-03-30,0.4108442130770065,0.3369666524637378,-0.4844058724738788,0.04008862752458503,-0.23430558469524917,0.35474119286212175
2017-04-06,0.2315328011601513,0.29927372117029727,-0.5129419385507128,0.029920456235361798,-0.26913494236221247,0.30008376859083963
2017-04-13,0.023708483245792087,0.20615565128980246,-0.5817913031124877,-0.011245256414787758,-0.3319056377897735,0.17498154671225055
2017-04-20,-0.15149827276126882,0.08660855942956713,-0.5858043104478544,-0.05193769927126203,-0.3913675315450025,0.054288381601435926
2017-04-27,-0.187784516070163,0.11661049387496433,-0.5583594102651379,-0.02379850066426381,-0.4202676075101247,0.006285027003081617
2017-05-04,-0.1860631881889792,0.14832370860964458,-0.5603331362433918,-0.03476233078677986,-0.42751707784641313,-0.02061140231300093
2017-05-11,-0.28562197534575917,0.07766083699278997,-0.612251390840421,-0.06764239599183308,-0.4588481434712945,-0.09748322409382235
2017-05-18,-0.1811065881189955,0.03753740198654282,-0.7083871901395064,-0.07798404596881021,-0.46862161703703653,-0.05943553859833817
2017-05-25,-0.32991444488837307,-0.043485132333847404,-0.748674544157879,-0.14601480384062318,-0.508678555418526,-0.12546492246317387
2017-06-01,-0.39277899243796016,-0.12369717638235614,-0.8196856627098441,-0.1778305496681689,-0.5610146054243134,-0.19756083834604912
2017-06-08,-0.5007585864727011,-0.23119948411856012,-0.8514827737228778,-0.23311183212314165,-0.620682051836342,-0.2915764188014276
2017-06-15,-0.7038536376783951,-0.743188382877563,-0.9694891911079924,-0.41257757081433427,-0.7521457684272465,-0.47289909816929965
2017-06-22,-0.828773749276077,-1.0937234420558242,-1.0558735907131545,-0.5704555761621984,-0.8956102026642899,-0.6036644071576605
2017-06-29,-0.4828321702475753,-0.7993182061813393,-1.0692844078404424,-0.4335518898378622,-0.8333330805150692,-0.4967598440569022
2017-07-06,-0.5938722290194455,-0.8331662898352928,-1.1057431238831885,-0.44477335083601416,-0.8697309591220793,-0.55019136221127
2017-07-13,-0.7592845259373898,-1.0675070855034905,-1.1845224309418012,-0.5145146838817627,-0.9272808579290817,-0.6705240303258995
2017-07-20,-0.8957621587731355,-1.2253097175552052,-1.213602574888233,-0.5779000229972364,-0.9905138896612704,-0.7876705241457159
2017-07-27,-0.9818602982501045,-1.3723573331003454,-1.2518983724376342,-0.6611984444262946,-1.0477609126413707,-0.9002524074770752
2017-08-03,-1.1012334278626057,-1.627530320644861,-1.3009744077909986,-0.8141844316118774,-1.1740219341172655,-1.0304793633804863
2017-08-10,-1.136435491418471,-1.5165318702471,-1.325410116283394,-0.7550930338133217,-1.1721427650426512,-1.0901741023998224
2017-08-17,-1.1992838195330549,-1.5153456647299182,-1.3166390156497703,-0.8191408306405747,-1.223953139093033,-1.17406071664828
2017-08-24,-1.2712420015369896,-1.5302851866248064,-1.3436274638173178,-0.8505638029008731,-1.256480454044717,-1.2697828048772457
2017-08-31,-1.3022933627206403,-1.3898950105722794,-1.390086465812796,-0.8637077307694031,-1.2637579859438057,-1.3334598764020063
2017-09-07,-1.242660633735101,-1.1429253997978817,-1.3426132424693655,-0.8250484343133322,-1.2551076918914765,-1.3059323742567865
2017-09-14,-1.1212886370009223,-0.993031580634032,-1.3510423576951291,-0.7889091333901921,-1.2527975069888857,-1.2422834864849743
2017-09-21,-1.1410308884888614,-0.8874083913988704,-1.3735561844146371,-0.7973303586404327,-1.2739433199533716,-1.255601834806683
2017-09-28,-1.1722297412353602,-0.8225421697842035,-1.4221700515181797,-0.8047351804248782,-1.2975613273465985,-1.2912564829353423
2017-10-05,-1.190941460032691,-0.7367175618395365,-1.4027804129133625,-0.806205261234934,-1.3162648640535806,-1.2895885123129402
2017-10-12,-1.2502859620184175,-0.673946719046164,-1.4314202677008125,-0.8110450940458707,-1.3516671327303993,-1.3330979967093468
2017-10-19,-1.2562433012659893,-0.6041394220172809,-1.4370929896560238,-0.8127456934011645,-1.3727643278285369,-1.3470291026142074
2017-10-26,-1.306721835207805,-0.606863174327702,-1.4774486951978787,-0.8373400322908704,-1.4055540436293843,-1.3955084674056508
2017-11-02,-1.307680471858634,-0.5369708492305544,-1.3742415435940147,-0.8421601748807571,-1.4132322177953278,-1.373775269237226
2017-11-09,-1.247111166382625,-0.5544869462918292,-1.4171671284698646,-0.8858796044220785,-1.431463763806838,-1.3724954294293659
2017-11-16,-1.2358362196502428,-0.5160202181849274,-1.3972552094802757,-0.8970312329212735,-1.4489377770607037,-1.373299780259559
2017-11-23,-1.1506788731365951,-0.4692690148302672,-1.3834410097820424,-0.8962092725666951,-1.4617915980420688,-1.3460665718370075
2017-11-30,-1.0550644063612882,-0.45495030518624757,-1.4082386131752067,-0.9290981555461381,-1.471311480624493,-1.286576817000397
2017-12-07,-0.6123032444387017,-0.320397695264665,-1.247116488185666,-0.8576554432821558,-1.3829891438020925,-1.020867452548625
2017-12-14,0.15674847871372266,-0.2367945863098087,-1.279534981484689,-0.8359429790532026,-1.2239666631811188,-0.5910973933541517
2017-12-21,0.08256329548892682,-0.18541990009981235,-1.315164895933505,-0.8141287516352081,-1.1352249708364672,-0.46021479719734315
2017-12-28,0.5906018290873694,-0.017314749393321116,-1.171421059668811,-0.7402327259592774,-0.9834262979982271,-0.15178616501864892
2018-01-04,1.3685082929607464,0.23225612430895232,-1.0722480071036058,-0.47287957945505493,-0.5615341458101026,0.5373837538400239
2018-01-11,1.3666273511187343,0.3075923772610687,-1.1432291326586568,-0.4398324604522521,-0.3343029875430079,0.7284555436289475
2018-01-18,1.7268300455790238,0.4120004134076454,-1.1296799913659763,-0.25478065968443764,-0.04730021186454514,1.0874697595426561
2018-01-25,1.6570686877433412,0.515438849612209,-1.164859092096411,-0.12880383869330503,0.26662023756661235,1.246601402765097
2018-02-01,1.437219469369919,0.5991852261037113,-1.0488100348301543,-0.057026968541310175,0.3852419626106004,1.2602433312725727
2018-02-08,1.192137120911702,0.5477324481740425,-1.1131268990467107,-0.048780125992541334,0.4092185704435585,1.152393177697757
2018-02-15,1.5576869906694664,0.6242063750276304,-1.0716261449589095,0.0729058794389803,0.5836911653484729,1.3421322586879323
2018-02-22,1.4159744675048844,0.7031926693713229,-1.0023370821055577,0.13176174409598718,0.7435224738655247,1.3589613216053724
2018-03-01,1.271809557779458,0.7981960168194128,-0.826700070524433,0.2272642882850222,0.7965419626027772,1.3728355185072396
2018-03-08,1.2351058811500641,0.7690875481464206,-0.8703390674153161,0.26333782785955984,0.8390698320475405,1.3222774501106644
2018-03-15,1.3230221693802549,0.806576686387009,-0.8021839012114647,0.3184959608939675,0.900674071768984,1.355452988664953
2018-03-22,1.2892694312822304,0.8131729436999333,-0.8490223556739883,0.3668767112621031,0.9479736819353433,1.3151554775909613
2018-03-29,1.473189917055119,0.9241712234399915,-0.7855953277795098,0.48647526286531284,1.0929231220185889,1.4968769358737029
2018-04-05,1.3806193594664466,0.9124708023542227,-0.831001524858779,0.518935802890514,1.140263929004114,1.4484871503188235
2018-04-12,1.2794965978277444,0.9048485141897082,-0.8499570868553781,0.5552546873487008,1.1837857474586915,1.4295364285223084
2018-04-19,0.9610753825069819,0.8114342077234125,-0.9304775495990295,0.5352585603418436,1.1143909187416585,1.225400229848512
2018-04-26,0.8520619201136221,0.806584318898941,-0.8804892471393209,0.49750356509487154,1.0654581373195637,1.166484538133208
2018-05-03,0.7062748680888695,0.7170605251939235,-0.9255060111822409,0.5473447569314854,1.0181979205561504,1.0788561533754573
2018-05-10,0.5706454147812203,0.6519569559050036,-0.9027681329226974,0.5251870521556581,0.932747827080079,0.991516542845134
2018-05-17,0.45458920725865903,0.6197980770987231,-0.905781768764644,0.5260979548024958,0.8820558956350011,0.922327465964332
2018-05-24,0.42976836021254816,0.6306761004346061,-0.9115219431425156,0.5637106516096595,0.806079782151237,0.8688727759004977
2018-05-31,0.5791256029449081,0.6745724463552046,-0.9127651695351456,0.633079227187968,0.8705960671706605,0.945619343159029
2018-06-07,0.757864433828708,0.7061552528889956,-0.8989028502127321,0.6853217249722121,0.9819313357949262,1.0377030554122961
2018-06-14,0.7758853091134698,0.6844591745613058,-0.9501838226152466,0.677848150549138,1.0424284275577262,1.042618370061354
2018-06-21,0.47302584302064316,0.43415124199631844,-0.9998235189722815,0.602547021816116,0.942308433880503,0.795740566750027
2018-06-28,0.23506544593242876,0.05410386921034532,-1.0373611146520856,0.5092679192492957,0.8480171499353844,0.6320475913466321
2018-07-05,0.12906410685442354,-0.16163596421594514,-1.127940012257143,0.43378913484280057,0.7406307199346617,0.5319810047667023
2018-07-12,-0.10389757849112445,-0.6251849370134192,-1.168402888554803,0.31229949646162186,0.6191193965792992,0.3414082306289959
2018-07-19,-0.2798698220478766,-0.9019850105842488,-1.264891573395756,0.24360286642583456,0.5007407147688745,0.14762805818033975
2018-07-26,-0.5008586320885601,-1.2686602538178475,-1.3222101047265062,0.09186514951048153,0.3193889332280627,-0.06433033379591663
2018-08-02,-0.6898755442486171,-1.56183363874909,-1.4356043589472613,-0.08537035684006777,0.1760640043081516,-0.27775296398775895
2018-08-09,-0.76797247043547,-1.5230998012047805,-1.4561259974692726,-0.07694239600435215,0.09050865290581867,-0.37760792579170094
2018-08-16,-0.9044597162674992,-1.6334559078849327,-1.5339647996994326,-0.16359269095986584,-0.014586012156227679,-0.5350335794401788
2018-08-23,-0.9818741833471618,-1.6552652332178148,-1.5793189422544178,-0.1669243787393675,-0.0954309231195577,-0.6640820369769593
2018-08-30,-1.0223872308399773,-1.5236556759062427,-1.6344833414430582,-0.1659763532071319,-0.1489840167789015,-0.7828815595963513
2018-09-06,-1.0562308195390442,-1.2540054209481826,-1.65618096013424,-0.1741946413733937,-0.19458128275157371,-0.8486601429420348
2018-09-13,-1.1331825015961028,-1.1232050026256561,-1.7234617039893032,-0.17347718371008225,-0.2552646824665423,-0.9321722372551865
2018-09-20,-1.1878357625853053,-1.0017130453710337,-1.775438280383423,-0.17905380934142412,-0.32706274558253445,-1.013860963973583
2018-09-27,-1.2352263030828108,-0.92352987571685,-1.809596369055662,-0.1896585587266575,-0.3891074225972061,-1.0833427834468699
2018-10-04,-1.2408900222470445,-0.7621620629270205,-1.7899679554027519,-0.17212611777030984,-0.4026861895249011,-1.110810215299945
2018-10-11,-1.201989940832326,-0.654287338853741,-1.7774629254032148,-0.15022443345360315,-0.42993409168062957,-1.1219924794430671
2018-10-18,-1.2254455817173338,-0.6278310864464163,-1.832118788349827,-0.1820185337147774,-0.4858264635138881,-1.175575750751888
2018-10-25,-1.2372051231977852,-0.46697039309472554,-1.7156700102869307,-0.14799855581704102,-0.5075375336304432,-1.1615164499438257
2018-11-01,-1.1421286854075556,-0.39763856955034593,-1.7066162908316644,-0.16950825523464141,-0.545793275656007,-1.1452146955176763
2018-11-08,-0.9322625742905316,-0.3066470677207396,-1.7173917944129107,-0.1689066852387643,-0.5678306363631929,-1.0763853623582254
2018-11-15,-0.8101105938011152,-0.23186038852449797,-1.7012919394341615,-0.17957983357587015,-0.5887123923548828,-1.0503422510100069
2018-11-22,-0.7993906307088409,-0.1724759244015125,-1.6841449141105902,-0.20812580642435796,-0.6306254798697002,-1.0629823345447105
2018-11-29,-0.29390402489417133,-0.1239072256780897,-1.7181522059223755,-0.21553006103817457,-0.6070880214357831,-0.9515433171458287
2018-12-06,0.34112647055119577,-0.0658463334214503,-1.7227895012556698,-0.18849226632606392,-0.4996587792109316,-0.7501130088669387
2018-12-13,0.4158779993914432,0.014416071716187362,-1.6759284655206903,-0.15855780966097152,-0.4426841693129898,-0.6035215973360442
2018-12-20,0.992662888554245,0.03701255139549407,-1.6773777572775912,-0.14521055695980906,-0.2500864434462421,-0.3277593884562246
2018-12-27,0.8179156847087798,0.12762229299873107,-1.7008358907674779,-0.14539586546848338,-0.1688247899854819,-0.256173877282836
2019-01-03,0.50612771214102,0.11223743042853955,-1.6751461133839811,-0.15361286360053744,-0.1909170527224698,-0.2828941605038459
2019-01-10,0.32224461987037045,0.14063453550898378,-1.6458216996091533,-0.1576847451687661,-0.20317418219909508,-0.3096660601285134
2019-01-17,0.27926140838228963,0.2477802854258458,-1.5412616488949857,-0.10473831486921055,-0.21320358962522717,-0.26397956217061336
2019-01-24,0.5135967000997713,0.32325889705791777,-1.5079756725962221,-0.08871460605692517,-0.19194883157309475,-0.08485616825075515
2019-01-31,1.1813895241127323,0.49509382831208626,-1.4495444011762302,0.045213241947845484,0.05678528805706029,0.4627269078380685
2019-02-07,1.1231274551824026,0.49938284483205464,-1.5210321285838704,0.06556706372823151,0.22478531473285443,0.62672203818257
2019-02-14,0.8936081751383045,0.4940202140124602,-1.514049497035865,0.06796594197530997,0.27939607544218165,0.5867077888401436
2019-02-21,0.6607400490500277,0.48459141172114345,-1.5279968086449718,0.054184075192052594,0.2847921326753898,0.4721415366146673
2019-02-28,0.4951253466596054,0.5648101794452408,-1.445479271077396,0.08338032793771166,0.2959481558725152,0.41783133355587243
2019-03-07,0.5822600609751507,0.5628574596689099,-1.490417241123907,0.06366788298736711,0.26915516789243626,0.3878694445678996
2019-03-14,0.6213189569503281,0.5635068686221774,-1.5187958431154533,0.07059029503039133,0.2667244214892441,0.4076323679120444
