date_mesure,A,C,B,D
2009-10-22,-0.1855867070971425,0.5948728913500656,-0.7677707902264767,-0.1198780990987951
2009-10-29,-0.4147867776109249,0.5912572418764481,-0.7137611227246277,-0.2468334024213532
2009-11-05,-0.5143775777855267,0.585633910880025,-0.425924613176479,-0.26059984263968977
2009-11-12,-0.6276364251277726,0.5415173532573191,-0.4338754143251018,-0.23120878227358366
2009-11-19,-0.6829538680163918,0.4965524861078879,-0.5495317254207344,-0.24821872881249363
2009-11-26,-0.6963350499211658,0.48439269742051416,-0.48260133650182835,-0.18125431857408658
2009-12-03,-0.7453229140316768,0.44603605432429133,-0.34620605745057786,-0.18652361073568835
2009-12-10,-0.7933810020430678,0.40566935640803786,-0.3686248387664104,-0.2078408290861451
2009-12-17,-0.6592064117948995,0.4154798282937647,-0.37002268766139873,-0.2675826432962814
2009-12-24,-0.2157743580659643,0.6382371809736949,-0.23835588212412862,-0.4919855806640906
2009-12-31,-0.3382684016417198,0.718257013333265,0.11533316842568339,-0.5607214399382188
2010-01-07,-0.20064967955728044,0.8235789119542123,0.1566042452206107,-0.6289277747264095
2010-01-14,0.5000789209723137,1.0715775150697766,0.4408449919545189,-0.6551253823871128
2010-01-21,0.3161309860799165,1.118223836298482,0.4152789205201319,-0.6869395305703917
2010-01-28,0.11442816648005684,1.1085816577351482,0.33566195900744117,-0.6981744514376176
2010-02-04,0.567755039719895,1.1351909882870883,0.4372656922255247,-0.6534627685638146
2010-02-11,0.9693246493093394,1.3088503119447958,0.42873068584619545,-0.6631953921219684
2010-02-18,1.4241858537162142,1.5689041147165022,0.6831711003994165,-0.6615446666233258
2010-02-25,1.3467291801221568,1.6506492000328885,0.6631430323509782,-0.8248664096170719
2010-03-04,1.3809212695502726,1.690670671021547,0.7456304951804898,-0.7271041451341906
2010-03-11,1.2082814172733674,1.7221412819906332,0.697113537856723,-0.7152171964651327
2010-03-18,0.9988705287883507,1.704465707436927,0.662245563802041,-0.6863850899654429
2010-03-25,1.1948952026533808,1.6800622019154048,0.7385130800373243,-0.5534386188531158
2010-04-01,1.2460859053578346,1.7413653868393206,0.8626283077152422,-0.5934657561689771
2010-04-08,0.9646289118654868,1.757857359043692,0.7805091685034059,-0.6010061410446955
2010-04-15,0.7225747435476911,1.6804373355840667,0.6065414339763773,-0.5496246309059803
2010-04-22,0.5272303953862775,1.583022640458064,0.47072133911257463,-0.513801632344708
2010-04-29,0.4930221496011812,1.5261366635014793,0.5602079516233592,-0.48218507345518424
2010-05-06,0.7425311746261034,1.558441036533024,0.8326684024249321,-0.46381897494109714
2010-05-13,0.779065852763079,1.5364708044629536,0.8068159323499101,-0.5094335526518246
2010-05-20,0.4820586086787263,1.4640059714085654,0.5264306323189287,-0.516955098807419
2010-05-27,0.29365900549294977,1.3718479952274412,0.4394452000909826,-0.46396851901256825
2010-06-03,0.10937208496446174,1.2667825750304054,0.2943904532790049,-0.4200028753364419
2010-06-10,0.10508599995931014,1.224408936276743,0.36257118890600054,-0.3888267613840483
2010-06-17,0.09417575880662968,1.2318527530051797,0.37689652504524707,-0.27813630070964174
2010-06-24,-0.18537191955039883,1.1309733333509016,0.10155404937460875,-0.26224144599242505
2010-07-01,-0.3835082510236464,1.007622685474797,-0.10123547569034873,-0.2207971361179607
2010-07-08,-0.5609976912630223,0.9126662747756025,-0.3246303616058481,-0.1445339759501479
2010-07-15,-0.7471856230016714,0.8157239733362652,-0.5575355864098693,-0.10952175767481831
2010-07-22,-0.891007319827025,0.7195648291892867,-0.6720840664295161,-0.011681118513251931
2010-07-29,-0.996039673538322,0.6237431775597688,-0.8476154290900045,0.053957929321787335
2010-08-05,-1.0919220854468659,0.5224047786559536,-0.9779153596042991,0.09882563186330329
2010-08-12,-1.2360879061630778,0.4887284793402521,-1.1373626221351902,0.08240839424383328
2010-08-19,-1.232538031557845,0.42094136224197654,-1.220553883077964,0.12191019505036016
2010-08-26,-1.3077152119203208,0.35745655469514725,-1.2984355518917614,0.11963830891551053
2010-09-02,-1.1754149564707954,0.3797722257970707,-1.287452514768254,0.10688746760926593
2010-09-09,-0.8093056722511853,0.6982290141415778,-1.2490844829260572,-0.2689117860296667
2010-09-16,-0.9131358174336616,0.6403606344160723,-1.240932223768882,-0.3051306546388088
2010-09-23,-0.9441215459947607,0.6023405878953935,-1.1345162764952026,-0.19676642907974018
2010-09-30,-0.8986295572562145,0.5536221379705646,-1.011557067516462,-0.2198722413683059
2010-10-07,-0.6023059492274823,0.5384187430676912,-0.6002745582187115,-0.2923990271882694
2010-10-14,-0.4264949224105409,0.5316118870597418,-0.3218002729115643,-0.279651783271842
2010-10-21,-0.5242210479308306,0.5139599205990497,-0.3009196160865387,-0.27936156152142666
2010-10-28,0.04084954684477314,0.6095484863212525,-0.19633452585679473,-0.3653365124392253
2010-11-04,0.13450679271731106,0.7377119278312911,-0.018210818429454267,-0.48930518470191664
2010-11-11,0.08180266030722819,0.7710043079092126,0.20945116846305764,-0.5374027078216295
2010-11-18,0.30803782667421764,0.9496097491542079,0.327173046008274,-0.599330723324722
2010-11-25,0.28005400756702903,1.0680047331193756,0.4020903584350575,-0.6176976518310718
2010-12-02,0.235710163000168,1.0360991776264437,0.4026708614371999,-0.6077477605669139
2010-12-09,0.1264518126246461,0.9739173013314929,0.41438728827111193,-0.6491259016457691
2010-12-16,0.221774635595762,0.999333823038399,0.44288404744426657,-0.6459911438495335
2010-12-23,1.0788541428667218,1.2653074434425449,0.5903398334118762,-0.7945321625557615
2010-12-30,0.9024403971887931,1.2752132127490006,0.5306693136346897,-0.7727053038495778
2011-01-06,0.9560109457140296,1.2488862736137134,0.4813111279156139,-0.7765865852339474
2011-01-13,0.7665279167391911,1.2029455533191136,0.5343175936318244,-0.7728048847673653
2011-01-20,0.5286033972956434,1.1640807088079996,0.42924656550366164,-0.7297486570020553
2011-01-27,0.5146344805579764,1.136478427504987,0.5660305233199464,-0.7146368865882413
2011-02-03,0.48888372952604986,0.9699298465682296,0.6057273733702513,-0.7058761382946663
2011-02-10,0.42799923081058894,0.9649772996539939,0.5144300582247698,-0.6912200209597997
2011-02-17,0.46305419906347817,0.9341028387598695,0.6659757902657453,-0.6892723254743451
2011-02-24,0.33919213640833384,0.8809388689459926,0.7983710057907918,-0.693387563261346
2011-03-03,0.258518997174253,0.8363373302791773,0.6344059108466791,-0.6822039130882617
2011-03-10,1.032953642047181,0.9988778444199187,0.8222374072259743,-0.5309708440900984
2011-03-17,1.5955502558446804,1.5397823994706623,1.1120755540583949,-0.3536503389670753
2011-03-24,1.5867606392037432,1.5637695972079992,1.0674518349166182,-0.36908313830282213
2011-03-31,1.3479904437227301,1.5486732516812387,1.0044966691891057,-0.28477039237602164
2011-04-07,1.0202446815616606,1.4407941174819248,0.8173046668585422,-0.2788136225316369
2011-04-14,0.7424830351150042,1.3460730607298674,0.6788369934556799,-0.2203909921374244
2011-04-21,0.6419582562044079,1.2477766634132768,0.6668191541213854,-0.15513767696070113
2011-04-28,0.5618651959440379,1.160728128468635,0.5920478697857267,-0.15726413379167015
2011-05-05,0.3489458990283171,1.060605859980054,0.4003395128446343,-0.16748387378663704
2011-05-12,0.16046853503850222,0.9723534022822641,0.2681694702977267,-0.15128681839840913
2011-05-19,-0.0338475024246713,0.871065629815982,0.14407883662445084,-0.1678525943458981
2011-05-26,-0.17985129207585965,0.7787606222823203,0.035849672443252184,-0.17100438908878487
2011-06-02,-0.04647035434373281,0.8049075334383161,0.0582830197215851,-0.1522997883405626
2011-06-09,-0.1352883610881543,0.7739576790616276,0.01623188949538271,-0.15713963718097407
2011-06-16,-0.34729797017756003,0.6787352224943642,-0.15547585678064296,-0.13029277631425684
2011-06-23,-0.5086997380138905,0.5938335200493049,-0.28728981928263875,-0.06750369216264973
2011-06-30,-0.6776788381604177,0.49415299528825135,-0.40526379951155417,0.08812246458617595
2011-07-07,-0.7820974295873422,0.4155965746126401,-0.5264600409247256,0.17366196935708345
2011-07-14,-0.7200223254302534,0.3996130951280255,-0.5670374042965656,0.19612777940721865
2011-07-21,-0.805850852132604,0.3516641635499487,-0.7016077988114452,0.24104649238862813
2011-07-28,-0.8446360176748509,0.2768744844432911,-0.7422788728168109,0.32299708208852085
2011-08-04,-0.8882210379012754,0.21685321078319186,-0.884232599532855,0.30393551792410667
2011-08-11,-0.9777964331727025,0.17769711390029774,-1.0313222613199238,0.19338877027530554
2011-08-18,-1.0734529346681538,0.1019422539186492,-1.0664843942681,0.1788894820986513
2011-08-25,-1.1007952236846104,0.04016854522890467,-1.0705591971368773,0.2585989320390437
2011-09-01,-0.9340877883227696,-0.013365474322896587,-0.9722293159010538,0.14178816251760595
2011-09-08,-1.0052295009211702,-0.06824074886352738,-1.047889900396406,-0.011920097526363027
2011-09-15,-1.069071274620625,-0.1324659657549725,-1.0441517219793608,-0.06758603343562775
2011-09-22,-1.078686514404847,-0.20773322821104778,-1.0134482688860222,-0.14125302367331216
2011-09-29,-1.1362919266913836,-0.30090649057250884,-0.9971693878591014,-0.04784142127725277
2011-10-06,-1.162243655202075,-0.37822554810243375,-0.9634226427511406,-0.07730983043084838
2011-10-13,-1.1908981200738995,-0.36788261991163657,-0.9439267988397533,-0.1448394896523605
2011-10-20,-0.9607907775860572,-0.32647154087000446,-0.852759739043313,-0.2145912360101654
2011-10-27,-0.1873947187940338,-0.23452887670573555,-0.5543498079342121,-0.3020917552019514
2011-11-03,0.7571946347084946,0.6402068366526643,0.03285829503441545,-0.5092145414101399
2011-11-10,1.14880431761885,1.0339143259718258,0.1413267008421305,-0.6085437982105674
2011-11-17,1.308865805399983,1.0456756842078985,0.2784258301038807,-0.5459870268478638
2011-11-24,1.2981856738105992,0.9984157713875732,0.3982306831073012,-0.4810678286960127
2011-12-01,1.0591398349996572,0.9673226541297404,0.38343471695927217,-0.4911576982721446
2011-12-08,0.8875442016842188,0.9232027150186728,0.4484028318674603,-0.4667587557223194
2011-12-15,0.7441792330621925,0.8542994353802047,0.7826105930448091,-0.44442917081231803
2011-12-22,0.552914898040925,0.784326189603176,0.7612039589160313,-0.47146526068214734
2011-12-29,0.4550971229734735,0.7470243634127198,0.7643021482338279,-0.4566527296781102
2012-01-05,0.3674700528291053,0.6953389563604941,0.8714387968901669,-0.4414033322374306
2012-01-12,0.1923527687230252,0.6521762402621069,0.6585474097579418,-0.416619251117515
2012-01-19,0.1045296866051735,0.5996540415956465,0.534894915378143,-0.40321581527037187
2012-01-26,0.041425114523119505,0.568397842924002,0.5208000061754695,-0.3966517877838851
2012-02-02,-0.047040946447547916,0.5193671934976095,0.5071714885520153,-0.42327355796738664
2012-02-09,-0.13665911258217786,0.47399052345379217,0.3667544634313429,-0.5036785071907904
2012-02-16,-0.19095973141686703,0.435643428517644,0.2991455910660786,-0.5048357364461511
2012-02-23,-0.2690695273124288,0.39718031164018125,0.2802151770719181,-0.453897543633575
2012-03-01,-0.3370709235714781,0.35012382709065576,0.25849603540190524,-0.40551785303012194
2012-03-08,-0.4170924709045447,0.298553372677031,0.20934850122261967,-0.3518705566316776
2012-03-15,-0.45206318442752524,0.2528749589750773,0.20291510977778446,-0.30979797733907766
2012-03-22,-0.4776615239783307,0.2125824520337722,0.291011365284211,-0.31135347679342823
2012-03-29,-0.5145400285165393,0.17784270012785483,0.2284414001866926,-0.2977752237218556
2012-04-05,-0.3107862066948055,0.18197422232222515,0.2243757750834647,-0.31253677718752104
2012-04-12,-0.21280666887425895,0.15794002339110014,0.32014810435193947,-0.4073114940651657
2012-04-19,-0.3212700646083492,0.11087818534637467,0.6462132527493994,-0.382055581166725
2012-04-26,-0.0752446055579957,0.06272618619282536,0.8563727350586441,-0.33433182555021335
2012-05-03,-0.04834974493689273,0.04549216517727345,0.8121993114219266,-0.31653989769739066
2012-05-10,-0.2528908580571971,-0.008371177929894863,0.6208426185263408,-0.2638774807807794
2012-05-17,-0.061909653057361874,-0.026883493790201385,0.6839549412033847,-0.2052993199915888
2012-05-24,-0.01267223696213457,-0.0336887047389583,0.7549092454947492,-0.19383288243705893
2012-05-31,-0.24117181871259633,-0.0959478142431745,0.434219958364463,-0.1452687355861861
2012-06-07,-0.3264922356530832,-0.13362576257607378,0.31944826996567,-0.030365741984021727
2012-06-14,-0.48026018601387244,-0.20104581177339853,0.19290515857967858,0.015428897507742595
2012-06-21,-0.6506824247540093,-0.29387842143965953,-0.018738352782651513,-0.034101852058986415
2012-06-28,-0.7005881613109115,-0.33785387577440557,-0.21741993922414987,-0.036298988337475024
2012-07-05,-0.6617181698128525,-0.36068459758790156,-0.3002572117359448,-0.048421295693199806
2012-07-12,-0.8836143942159005,-0.45433725635949823,-0.5129126899449362,-0.08257631290482115
2012-07-19,-1.0637769950256728,-0.5510007236598058,-0.6853649878887934,-0.10606609659457333
2012-07-26,-1.16371843113469,-0.6355589824723205,-0.8281610484282853,-0.07342896927312903
2012-08-02,-1.251587876110396,-0.7162144913609163,-0.9388387011413196,-0.03982151960573266
2012-08-09,-1.333992878290387,-0.7869240824297853,-1.0759914967709558,-0.02649894939221109
2012-08-16,-1.417253799558895,-0.8552020582872848,-1.1755660672370118,-0.05326167254233494
2012-08-23,-1.3958963184324253,-0.9038305276608372,-1.2447893266900931,-0.05075397298387596
2012-08-30,-1.0942827064664402,-0.8229171202671077,-1.1829579917097544,-0.026560040960660225
2012-09-06,-1.1924262551513325,-0.8795703712413125,-1.2067626232396844,-0.0768831059142826
2012-09-13,-1.202591058066392,-0.8928242907358916,-1.1759560830846938,-0.07564682847656212
2012-09-20,-1.159901106827539,-0.9164887499212405,-1.13194224937811,-0.12269648810075406
2012-09-27,-0.8093380014370083,-0.8607864085121585,-0.9906521833937261,-0.2003671220320591
2012-10-04,-0.8025478695590309,-0.8201826208305092,-0.9172512158442508,-0.17382574794937888
2012-10-11,-0.9056488077141096,-0.849778481593189,-0.8368991221246963,-0.11844270456423867
2012-10-18,-0.7691645594987848,-0.8752876536927376,-0.5351149886160386,-0.2124200956907904
2012-10-25,-0.025526856309788182,-0.8340385691958822,-0.25036034098176113,-0.45276168166329434
2012-11-01,-0.19643282197237427,-0.8087358636629393,-0.1308926023352794,-0.579835887903879
2012-11-08,0.21262577744170003,-0.7812274408941514,-0.12142245776984649,-0.6840732107053009
2012-11-15,0.170768180473494,-0.7564316924163498,-0.14684339463827778,-0.7336563471973426
2012-11-22,0.04994090394572123,-0.7538919092844883,-0.09711778921038669,-0.7405221898257783
2012-11-29,0.07618897084600237,-0.677426018540672,0.027897681604757557,-0.8283537059329051
2012-12-06,-0.08279720060509882,-0.6833947553234335,0.25877746163236925,-0.8366871900049966
2012-12-13,0.1701201015111689,-0.6706220525206243,0.3864549351693578,-0.8667807355188234
2012-12-20,0.17008161723220758,-0.6731497313960246,0.4869900470587571,-0.8632722510053614
2012-12-27,0.13893059653396678,-0.6708635004301681,0.43504062550005274,-0.8188972809286195
2013-01-03,0.04795444658485323,-0.6888304601004175,0.44011800604232476,-0.7169056315105562
2013-01-10,-0.006279576317881642,-0.6902331486036991,0.4615498227542221,-0.6248230585278779
2013-01-17,0.24991629841621996,-0.6755574420027063,0.8057956387221524,-0.5879076554934654
2013-01-24,0.3386106897446163,-0.6641058328727205,0.8796592593991748,-0.6019697879228194
2013-01-31,0.22735404751541208,-0.6457729405750645,0.9612207201826131,-0.5953342483496675
2013-02-07,0.14154782291089782,-0.6356599117095223,1.1000950292237806,-0.574185044331557
2013-02-14,0.08762243504707051,-0.6393089308740262,1.0147990533544553,-0.5288084684264648
2013-02-21,0.015750115995196545,-0.6478352636945721,0.8834019430471697,-0.5025826938986037
2013-02-28,0.16779074408597638,-0.6480768912762858,0.8973112275011422,-0.4306152740637319
2013-03-07,1.0506605922575751,-0.2448400487953576,1.140185934231182,-0.2112451375510105
2013-03-14,1.297789230314164,-0.059473998437592934,1.2105245060685168,-0.1644713052374125
2013-03-21,1.647814618024945,0.1960529029232876,1.235189800202865,-0.06957020901482847
2013-03-28,1.8544574432602534,0.3613569775149158,1.425377833266006,0.08892340609966798
2013-04-04,1.8478767360160964,0.4711094889748969,1.4516785131993362,0.11588150945922582
2013-04-11,1.5295139274727125,0.485878462665815,1.3301040813080331,0.10441819073792713
2013-04-18,1.1841449951979692,0.4461505870890843,1.1554831569003852,0.22452147158342173
2013-04-25,1.1897558672504633,0.445540562044101,1.0454526633719228,0.30201215539476667
2013-05-02,1.2843383910863118,0.5055129989607199,1.149476604212164,0.307986873817633
2013-05-09,0.9242416328377954,0.47218984268337766,1.0164670969280123,0.3398155646113451
2013-05-16,1.0783272893324374,0.5143029198530762,1.129505419618469,0.4312339202517853
2013-05-23,0.8425844913252961,0.5013262289003473,1.118179768501152,0.3608680184282852
2013-05-30,0.5641567586236267,0.42871447443091726,1.1684147455435128,0.40149544717592134
2013-06-06,0.4241363213250904,0.37973280933890824,1.040334776199877,0.42757051483498537
2013-06-13,0.27781316443177817,0.33172246245422,0.867064411684916,0.440454129274357
2013-06-20,0.07681504854081533,0.23347135783863926,0.8139280740622854,0.4533146172852454
2013-06-27,-0.10870927258483926,0.14443598253367934,0.5083428061767452,0.45613332273098145
2013-07-04,-0.24364089814165601,0.01853403580574812,0.3069535700802795,0.4409613235967007
2013-07-11,-0.3921775066475536,-0.059141465030240196,0.0956013776495867,0.4177402525280288
2013-07-18,-0.48541292024235316,-0.13433267513835448,-0.04123243092129415,0.4637636448782554
2013-07-25,-0.6004593406886682,-0.1613646199745044,-0.2214224284049672,0.4886349367755277
2013-08-01,-0.6989236000227476,-0.20003556592998034,-0.4226601067284151,0.48995079785564033
2013-08-08,-0.7084386735908028,-0.2588282681379637,-0.49000320163193417,0.4683621106876216
2013-08-15,-0.8276340492382335,-0.3345684777937149,-0.6400584468514561,0.49161205754888515
2013-08-22,-0.9155559279912171,-0.3994441475515385,-0.7455365730827092,0.6214099121393184
2013-08-29,-1.0103473069847548,-0.4765701129726393,-0.7961502738380305,0.7118302620918527
2013-09-05,-0.9535255468155595,-0.523601724130407,-0.7253030502755792,0.6840693006887003
2013-09-12,-0.9971778507096005,-0.5575670905336622,-0.7132890886375266,0.5887348063712741
2013-09-19,-1.0531045475401142,-0.6365142905462833,-0.70275586126215,0.6866348230347141
2013-09-26,-0.8983276368219839,-0.6568852445309978,-0.6419664952449436,0.6706514844748912
2013-10-03,-0.689541030578705,-0.6663896106362223,-0.5023343221202154,0.45805744280121324
2013-10-10,-0.769538229367622,-0.683807018044815,-0.5092260977750346,0.3674558004706804
2013-10-17,-0.5393732856215749,-0.7076958860023455,-0.4309615400598458,0.3268920005750371
2013-10-24,-0.30180736799656177,-0.7295287112819505,-0.38148776798800915,0.2091149885169738
2013-10-31,-0.46269921958268756,-0.7941696952237219,-0.20394132175099444,0.2162623669761961
2013-11-07,-0.5161346578958195,-0.7764749837026392,0.03196033630441447,0.17526192543050484
2013-11-14,-0.36662268720344643,-0.7740457304969302,0.20108803989410118,0.1861919202252867
2013-11-21,-0.2515533868844077,-0.7335239503797536,0.4793946005462016,0.27614666180975794
2013-11-28,-0.39281861288890507,-0.784382180337895,0.3721552775830871,0.20290554207983533
2013-12-05,-0.49410811138455374,-0.8178309610125978,0.2402618299440465,0.23435957057823198
2013-12-12,-0.5659353849478416,-0.842211861624798,0.21256774387811353,0.21197086668992374
2013-12-19,-0.46409073836348186,-0.7913764725215624,0.24558564742815037,0.1840354620055205
2013-12-26,-0.36660554722574945,-0.7452912242365796,0.47179275547058547,0.13453584085158
2014-01-02,-0.1717973723867291,-0.7275216611547259,0.7087565820919428,0.11097185034440543
2014-01-09,-0.07785193684149022,-0.7056205857459541,0.6930762639474246,0.1308870825743883
2014-01-16,0.3896117412509779,-0.4080197971015328,0.8226239761209707,0.05955984641170742
2014-01-23,0.37776210788856945,-0.25660180457072146,1.0903795196752877,0.058626029736660534
2014-01-30,0.3344973401234871,-0.21742702588124208,1.237213378456628,0.08068279025487624
2014-02-06,0.566395896455236,-0.004058318133131733,1.3289386308101243,-0.0007504511002746073
2014-02-13,0.4932342699747394,0.04732723809588035,1.350550497470255,0.1025709511566768
2014-02-20,0.3285812339080132,-0.01239752497700064,1.2011853395184149,0.11578770415470657
2014-02-27,0.3109358641208191,-0.014967401380961864,1.2227741911684742,0.15509588761441528
2014-03-06,0.15990725657190014,-0.06229357142383224,1.1958671129666818,0.14602686607756055
2014-03-13,-0.006594431629602215,-0.11124208761899224,1.0197252452145997,0.24571477475600945
2014-03-20,-0.13096668906802222,-0.13896199227653383,1.0163110814925562,0.33883412382239236
2014-03-27,-0.20368062599352987,-0.18087139130004937,1.0021603808802328,0.38660212546234
2014-04-03,-0.21352667330150232,-0.24346228472151943,1.0743229458725585,0.4651018277721468
2014-04-10,-0.3395185048445729,-0.3030809653346053,0.8241975582105833,0.4882428199484028
2014-04-17,-0.40815388082641135,-0.35816816143271735,0.6848563241607971,0.5673214723754559
2014-04-24,-0.4187913678911591,-0.3941725951958836,0.6029272809682541,0.596958395625479
2014-05-01,-0.5588738582293405,-0.44935123353477235,0.5216079133103548,0.6276023166200001
2014-05-08,-0.6735364445940474,-0.5191808303987447,0.35852333370064404,0.640283130129892
2014-05-15,-0.7506204117003554,-0.5765154996699158,0.2873137713815587,0.6066884490320879
2014-05-22,-0.5034180587611046,-0.6164735889214488,0.2584158398551162,0.6268296708006104
2014-05-29,-0.7201374983094269,-0.6853424530867348,0.13234663694690654,0.6432297288138692
2014-06-05,-0.8918437312981763,-0.7961180788187004,-0.01873997629015628,0.6756134624649482
2014-06-12,-1.039111883603808,-0.8534677874765358,-0.19993854444600545,0.7452280324177598
2014-06-19,-1.0843020045758702,-0.8747088548435611,-0.30897410819391313,0.8184437922838298
2014-06-26,-1.035348199815283,-0.9089003664958194,-0.36157893422501114,0.8715733824816018
2014-07-03,-0.9146977049719032,-0.9296921232535164,-0.3608545663468774,0.7635724226142305
2014-07-10,-0.9563547032854227,-0.9364233632110396,-0.45261342310413955,0.6595942818191252
2014-07-17,-1.0417681005240684,-1.0120016646350498,-0.6216145271538424,0.6585200344509347
2014-07-24,-1.0264203567336523,-1.0468112642303793,-0.7040027375812563,0.5835416872074628
2014-07-31,-1.1492077224470654,-1.093655208594344,-0.7691439321500478,0.6189419676818328
2014-08-07,-1.2111358691009138,-1.1437715670734314,-0.8914970476338876,0.7118187956140143
2014-08-14,-1.224331958084679,-1.187101944947437,-0.9521129481668533,0.7818393364353236
2014-08-21,-1.2905444930573924,-1.242842825318824,-1.003818012824667,0.8337895961975154
2014-08-28,-1.342107056469975,-1.292025220934829,-1.0368066894100008,0.9332126117047119
2014-09-04,-1.350871739007741,-1.3344004474311193,-1.0174304432379104,0.8760398990197856
2014-09-11,-1.2157280800180963,-1.3314722418629898,-0.9626732066110111,0.8112662380100772
2014-09-18,-0.1789174359126215,-1.1626145894450244,-0.8937103336794823,0.3919915863721738
2014-09-25,0.285120162118774,-1.0670625689691366,-0.7745905614411969,0.4057853980724043
2014-10-02,0.7927354201688162,-0.9003478303635256,-0.6016277025900175,0.5351095248654187
2014-10-09,1.0722082435875753,-0.7991051646868939,-0.4643478021386596,0.39007532002771267
2014-10-16,0.9449330248130619,-0.7519735694164877,-0.48991191169740483,0.25823316057338364
2014-10-23,0.6303577174788149,-0.7594500224158867,-0.5174175938478912,0.21962168663191586
2014-10-30,0.5531360334069281,-0.7560393214675165,-0.44906289276151645,0.15249184428052548
2014-11-06,0.6642099482632129,-0.6460259877488129,-0.26283004504074364,0.09408001112794795
2014-11-13,1.0263415985318642,-0.4098722703019777,-0.03334310762177173,0.007613599767818335
2014-11-20,1.0303141795401525,-0.2966429740607828,0.0732621121265124,-0.03090786725291189
2014-11-27,1.6477454852319329,0.459764568350872,1.087677452861478,0.099646929962379
2014-12-04,1.812060495462673,0.6781649382822861,0.982182353008844,0.2577777452826657
2014-12-11,1.8561996750506287,0.7735107876380698,0.8952698938318597,0.21023979908590795
2014-12-18,1.703260816965276,0.7877830043593483,0.8805011080623266,0.2652242401916092
2014-12-25,1.453460294075566,0.74484634676062,0.9133092450799734,0.203387542489176
2015-01-01,1.1743601365274496,0.6549607590428637,0.824415762455371,0.23200302228460867
2015-01-08,0.9783821840327335,0.5889442003744292,0.700892168402101,0.23709784489232294
2015-01-15,1.0487548779335096,0.6823013533742122,0.7227000939020759,0.25648291332636186
2015-01-22,1.1804082569429153,0.9850578914575274,0.6374087146818108,0.14532886049034655
2015-01-29,1.008539225785558,0.9891627269796842,1.0013763631354646,0.15803468967325873
2015-02-05,0.8069082847609914,0.8837633015773279,0.876213326339499,0.14435890772610316
2015-02-12,0.6794080090483099,0.8317800706193633,0.8421718838726561,0.178574857317512
2015-02-19,0.6126013385093437,0.8116673709087139,0.9310534937535258,0.2385320916486477
2015-02-26,0.5578185754098122,0.75923928459173,1.1285525419653926,0.2731172228593267
2015-03-05,0.42632764649888794,0.7009544435849326,1.1457402404896986,0.3066403774496833
2015-03-12,0.5159839080848585,0.6832917607067516,1.0272076585803884,0.3532844403233622
2015-03-19,0.7054741661481401,0.6971436314712043,1.140967846142294,0.46343584462282816
2015-03-26,0.748740480236736,0.6724146186325124,1.1178446705394813,0.5500096986386134
2015-04-02,0.5195254908366258,0.5451926743802394,1.0050089788623215,0.6085694351516362
2015-04-09,0.33835558157903656,0.5325588148204198,0.800127572394452,0.6373167567954104
2015-04-16,0.45569169391099823,0.5525469989656601,0.7378635358964585,0.6741724177937685
2015-04-23,0.9502703488232822,0.8363768112767141,0.7866368862549845,0.6564226917519385
2015-04-30,1.0562312692671991,1.0147739063402907,0.805761317446793,0.617559005316426
2015-05-07,0.6975094923274062,0.9033633147011864,0.6302391875887275,0.5982381494153752
2015-05-14,0.44027147333578204,0.776466647464129,0.48283736972416763,0.6339392552347372
2015-05-21,0.22619176409974975,0.6396178076751129,0.3506634348082373,0.6320273857015763
2015-05-28,0.01400512277153615,0.5157020462398206,0.19931706428733514,0.6356195495521717
2015-06-04,-0.13791850453510665,0.40344030686204685,0.044562575654478305,0.6267723497388319
2015-06-11,0.10725782504300371,0.4765072924730275,0.08965839326331612,0.6056858368770299
2015-06-18,-0.10495174405132757,0.4232050775581846,-0.01599145901520338,0.5927624962422756
2015-06-25,-0.3452458427020014,0.2844264324284301,-0.2478821935527994,0.610512470157013
2015-07-02,-0.544990863241332,0.16207214840766465,-0.42730205299161916,0.6654436913786079
2015-07-09,-0.7200689038067887,0.05075665536927493,-0.6049082711544412,0.7289365400629646
2015-07-16,-0.8399472132878698,-0.19816805743760774,-0.7706644708156478,0.8268835705350575
2015-07-23,-0.9539567145234213,-0.16595206378713795,-0.9123713750939155,0.8942215751336188
2015-07-30,-0.986524075183885,-0.2209787507881259,-0.9870421692617639,0.9014129864489535
2015-08-06,-1.0148971224167553,-0.29279226477935993,-1.0658871544522253,0.8698707148290273
2015-08-13,-0.7945406207711447,-0.30406315291797986,-1.0902172267877424,0.8676879680116136
2015-08-20,-0.3574858126783195,-0.27729364326231,-1.1492597041273735,0.752390594446864
2015-08-27,-0.2724299600185314,-0.21758848951353157,-1.1227163354508538,0.5359919576967274
2015-09-03,-0.4260813650083623,-0.2637394418951007,-1.1004916885851395,0.5943152933785985
2015-09-10,0.16576534474855573,-0.26973689410820295,-0.9958300918630755,0.5898276774515017
2015-09-17,0.1508928543014229,-0.2766300259194452,-0.9673987829075602,0.18528448541020903
2015-09-24,-0.17663949525498443,-0.3301990849935899,-0.9996212591218003,0.32110435692403055
2015-10-01,-0.09062930824786103,-0.3395211975629319,-0.8872547775167978,0.3007808579706621
2015-10-08,-0.06264153576251541,-0.3018395510355089,-0.81019304611081,0.251012255519719
2015-10-15,-0.018355497179719682,-0.2024263945323322,-0.7691405920359308,0.1901636752272488
2015-10-22,0.08951739070434953,-0.1737462307909277,-0.7327988688859074,0.1728067845625372
2015-10-29,0.691223531825428,-0.15247328397793683,-0.6377294668291613,0.03443763097120608
2015-11-05,0.951639202100498,-0.041125422508544535,-0.5151912250141482,-0.008305111716906732
2015-11-12,0.5048740919210518,-0.06551187714131969,-0.5270611494845482,-0.0626783588423753
2015-11-19,0.33119956001745743,-0.09758821011068775,-0.46021533993932406,-0.09684726326867782
2015-11-26,0.15829157661205698,-0.15981974001603658,-0.34515400108215033,-0.09988981180772828
2015-12-03,0.05012968758457487,-0.19790799589492003,-0.44619365597183225,-0.11335074303583881
2015-12-10,0.02327329713832546,-0.2242897007333878,-0.45578575581469827,-0.23817338356265103
2015-12-17,-0.01733870770881757,-0.2519672279077606,-0.46072189780007233,-0.25696472255377245
2015-12-24,-0.02103835606581894,-0.27922042946714043,-0.4643833307661738,-0.19153316592781724
2015-12-31,0.1523017482812733,-0.272102852820684,-0.27791250673439044,-0.16674654031777508
2016-01-07,0.15179024157349771,-0.29123162078495013,0.16326694154088534,-0.1900115667819258
2016-01-14,0.04328379741736241,-0.35532067854899074,0.18867724399331906,-0.16729880601609232
2016-01-21,-0.025969545665000576,-0.407957455295763,0.13545142387467923,-0.1548873064727318
2016-01-28,-0.10153603048688675,-0.4197367694666543,0.02856671996370333,-0.16299907814502756
2016-02-04,0.07333280793280603,-0.4521545732696584,0.11666625183081449,-0.19082544262506884
2016-02-11,0.3248370437869137,-0.4310099247967275,0.4483420620556523,-0.16613755693005297
2016-02-18,0.1320995050942349,-0.46972867026626935,0.4081558407871504,-0.1405644127047575
2016-02-25,0.6234134983745234,-0.39980619272763496,0.5277099486382206,-0.11841597552180327
2016-03-03,0.7270308601487231,-0.37518279730785237,0.6289230632927426,-0.15185919221385175
2016-03-10,0.47972933882575575,-0.42112215690653276,0.5507069255240957,-0.1267973142848059
2016-03-17,0.44421736743418233,-0.40615941159075336,0.5103264377119295,-0.13782133425495524
2016-03-24,0.3174660418363221,-0.43935827556970874,0.37209479392797973,-0.11997302573921839
2016-03-31,0.6452943699736571,-0.4465699057645875,0.36812848435845574,-0.07666176065443697
2016-04-07,0.9857546376009891,-0.4158254030112806,0.434207537702821,-0.020309086715307345
2016-04-14,0.5774964635075918,-0.45065168311469694,0.3523248287883857,-0.01096172875653778
2016-04-21,0.3836842207050883,-0.49652064175837407,0.23109929079142366,0.0415874620485461
2016-04-28,0.1899179620354491,-0.5667189634870602,0.12320154820179047,0.10014462624547378
2016-05-05,0.3437378566764338,-0.5878115918685534,0.06320577383066682,0.09382036302030904
2016-05-12,0.6232432061384532,-0.6051312340258281,0.21773161796820623,0.13555177818990177
2016-05-19,0.3605853998179041,-0.6509465825115976,0.07554118560112469,0.16290232261838727
2016-05-26,0.23246703346175807,-0.6771278963140863,0.03933243153344407,0.15432791996608267
2016-06-02,0.12394410298282692,-0.7213523001704406,0.05148780777323819,0.14133649171194904
2016-06-09,-0.05449441978937408,-0.7912915444479278,-0.1382765376705894,0.16281358185613418
2016-06-16,-0.19851457599859376,-0.8515443905388829,-0.20828049446512917,0.17778018345137492
2016-06-23,-0.39242148473635174,-0.9303049492858233,-0.43495131148660143,0.18031125747819776
2016-06-30,-0.5567151333591324,-1.0089894687184722,-0.6721300641157473,0.22662520691794608
2016-07-07,-0.6949468075391781,-1.088448201694425,-0.8652985347283821,0.34879081900876996
2016-07-14,-0.8011401376167134,-1.1529688118515533,-1.0257983839165825,0.39400003604985334
2016-07-21,-0.8331660635898318,-1.1958139158098562,-1.176697735154327,0.422189299225159
2016-07-28,-0.9898806009179066,-1.2603622966522368,-1.304888605693463,0.47222457076292235
2016-08-04,-1.0866854106100436,-1.3356067872146637,-1.4362484060491842,0.46866822174413314
2016-08-11,-1.1938245156008738,-1.3955848632184864,-1.5298713509323743,0.47619581678436873
2016-08-18,-1.182913036372615,-1.4326255035075184,-1.5655922972357463,0.5219086323573965
2016-08-25,-1.2428269063078625,-1.500351144952442,-1.6302822582539918,0.5232294696072501
2016-09-01,-1.3148920826594084,-1.5556662046713061,-1.6685457021068393,0.5904890219070571
2016-09-08,-1.259965586996223,-1.5871708392331665,-1.6431048670682684,0.5346666086714946
2016-09-15,-0.5721156874527219,-1.4157252138473022,-1.5462576814441706,0.396953657574859
2016-09-22,-0.8233213601965232,-1.4450657410526357,-1.5275072027147785,0.34669206288167476
2016-09-29,-0.8575668909377916,-1.4517068323357445,-1.4792293649824746,0.38738348262416467
2016-10-06,-0.8682140098216019,-1.450897840110104,-1.3770651730470127,0.3705502832967068
2016-10-13,0.47507998941968077,-1.0466005041443012,-0.9754704191217418,0.2608710420460719
2016-10-20,0.8069801447978746,-0.8161252509727261,-0.9617249680174575,0.09491229019251352
2016-10-27,0.69219678778324,-0.7833573620106327,-0.8867507648509616,0.015368603749975063
2016-11-03,0.4387654686892688,-0.7473858868775484,-0.8014076367812097,-0.03100883988977418
2016-11-10,0.28548582655666865,-0.7608531813182328,-0.6471141938469533,-0.12886031626199018
2016-11-17,0.5079297614457347,-0.7071265306140353,-0.5576249267547863,-0.1680085378144596
2016-11-24,1.1773854504593608,-0.36717195379870565,0.06576479212023134,-0.38742026786929223
2016-12-01,1.1218506171700855,-0.33268964507300003,-0.05656795332959336,-0.40318581866583325
2016-12-08,0.8528496406531494,-0.34483950378254946,-0.11724483306443254,-0.39972304259109503
2016-12-15,1.0081476206658766,-0.33928575765680713,-0.20318321336506154,-0.41902945120952184
2016-12-22,1.1451713607680034,-0.29241774665835174,-0.1983182351479117,-0.40982980296635674
2016-12-29,0.860959070917203,-0.28271201666337237,-0.20925946829815023,-0.4599868326893256
2017-01-05,0.666901228069405,-0.2984870747232058,-0.2465056378064488,-0.4593253066177183
2017-01-12,0.5123600035648666,-0.3178386876487781,-0.1423523623976448,-0.4474932365349092
2017-01-19,0.3885425521392914,-0.3569220530097892,-0.10573185320884902,-0.42942974565325787
2017-01-26,1.0350834343615676,-0.25349159992944376,0.31089811285718294,-0.38873304509958545
2017-02-02,1.3046526844893844,-0.14707310977539645,0.7005672646112869,-0.4473551283207501
2017-02-09,1.3037908561255627,-0.11532291936131034,0.7981244509903157,-0.48301763314834756
2017-02-16,1.3689944404864032,-0.09021632355012299,0.800964088213611,-0.3771051870464559
2017-02-23,1.1795559285307846,-0.0805231184051941,0.6945739450051133,-0.3620320821545522
2017-03-02,1.186545688979682,-0.09131685965331637,0.9416965964682553,-0.31448540253294077
2017-03-09,1.0029386967894593,-0.1250951666143385,0.9640403069009524,-0.19479039222712902
2017-03-16,0.7717744655202337,-0.14759930500131524,0.7878739723489443,-0.12731382975621952
2017-03-23,1.2460786562421045,-0.0334040656442548,0.8882480738264121,-0.09588382482243296
2017-03-30,1.1853581707814893,0.04828903882426294,0.9039343690982024,-0.0701547839268607
2017-04-06,0.9263795777530444,0.042494790812346306,0.672424104811739,0.026764594704881794
2017-04-13,0.6843415876940337,-0.013197987507394426,0.46073298982737554,0.027226775609134723
2017-04-20,0.5105993209985118,-0.07282877314410452,0.3002385018883357,0.048693034086750075
2017-04-27,0.5822612472607638,-0.07300126168452714,0.23672354763117562,0.10973669651819032
2017-05-04,0.5254379775959224,-0.06580441573804585,0.1907303455811065,0.10925234316668825
2017-05-11,0.584120209872048,-0.09657957057636951,0.1671194533812917,0.041808544184983976
2017-05-18,0.28959670609251953,-0.17071308264083956,0.11432990563709955,0.06893316267742326
2017-05-25,0.07318572939479699,-0.25023538548106883,-0.034393117429620965,0.09163823006183675
2017-06-01,-0.04436616935046224,-0.3258216319672719,-0.12464246609922403,0.18104782250373735
2017-06-08,-0.20279228491222265,-0.42238723675252,-0.3008731252307267,0.2135824133274374
2017-06-15,-0.35861561204735065,-0.5196058549537128,-0.5146140557830339,0.054854196576545
2017-06-22,-0.4740902127744505,-0.5918575582014656,-0.6159918281995456,0.05827215761543186
2017-06-29,-0.5261412846424206,-0.6297674954727059,-0.6726858997285716,0.1623919769364759
2017-07-06,-0.653683467685296,-0.7158885273743043,-0.8338676088814148,0.19904091544878266
2017-07-13,-0.8164017695676455,-0.8041277176097891,-0.9981752878737359,0.3126543004799406
2017-07-20,-0.8981643980867438,-0.8769556946573487,-1.1033306365995221,0.3848604597033044
2017-07-27,-1.0021515985393086,-0.9554280701773731,-1.2439410252362224,0.43644931035734535
2017-08-03,-1.062259936333985,-1.033647167316161,-1.3256596465493384,0.5095562871827737
2017-08-10,-1.1132850462491601,-1.0989573946380826,-1.4096492636491305,0.5306351187997158
2017-08-17,-1.1921397248795487,-1.16485483516344,-1.5142155005115168,0.48858348941288976
2017-08-24,-1.1792464038073147,-1.214515591460305,-1.5516902591373292,0.4551453789242881
