date_mesure,B,C,A,D,E
2010-04-22,-0.8309934645532716,-0.25170876785363283,0.2060407865784674,-0.004769936562592392,-0.05792538340576972
2010-04-29,-0.812935336625909,-0.3966028169795146,0.08683370476977326,0.0033694389798795688,0.0916703489179348
2010-05-06,-0.850386763844782,-0.22055916343290044,0.0950101181411338,0.02131065557765849,0.04876610943140264
2010-05-13,-0.9202839385090827,-0.15197954550371184,0.014304556572390409,-0.05220189794519137,0.2815534685256761
2010-05-20,-0.9532113417440424,-0.4086786752376944,-0.09685498824676703,-0.09351144916068166,0.36775624326917183
2010-05-27,-0.9212007674495357,-0.45638364740945386,-0.1470682565607733,-0.11251059494135168,0.6124364723092883
2010-06-03,-0.8751920404376408,-0.5088677723728339,-0.20619087330301986,-0.135704458993889,0.7855158761854195
2010-06-10,-0.8573267795181341,-0.3365901658244395,-0.24946334958046737,-0.12736833418010263,0.8050603728028172
2010-06-17,-0.8995140362365601,-0.15480299180236942,-0.2618164015794458,-0.13529275639010108,0.7656527728264644
2010-06-24,-0.9666353314611387,-0.45218187315570446,-0.3506513903071571,-0.21127262037480532,0.892132023881838
2010-07-01,-1.0435467677642092,-0.7165494805618595,-0.44943669354148785,-0.29866245636851857,1.0470755099860214
2010-07-08,-1.1267332349260673,-0.8713047518171305,-0.5401188732277853,-0.3713946714206038,1.1216279886082376
2010-07-15,-1.156237818462406,-0.9311390751362474,-0.6328460542470957,-0.3930437637654969,1.1645107500385707
2010-07-22,-1.1972315678629806,-0.8506416997128136,-0.694479249343845,-0.40035616313935446,1.1783086013392732
2010-07-29,-1.2540353529352477,-0.9446102905440377,-0.7743834883023835,-0.42331786282439443,1.2217849323640868
2010-08-05,-1.321610229344778,-0.9340334914860171,-0.8468543858243134,-0.4789113084634538,1.306233759922356
2010-08-12,-1.3453779251115217,-0.7614149390801312,-0.9089326175743953,-0.5032029130770337,1.2690275822099812
2010-08-19,-1.2671149745785795,-0.5490097440637551,-0.9356667551486063,-0.5588023867724774,1.3051219658741466
2010-08-26,-1.2059914301248869,-0.4973921762202197,-0.9665421257123128,-0.5820816139709941,1.299137686386788
2010-09-02,-1.2032912653487484,-0.6227253677969469,-1.0199211467509792,-0.5753704611438998,1.2899697467006708
2010-09-09,-1.2556074165637496,-0.45388341993798603,-1.0427530751248466,-0.6385037241027536,1.3094065091489546
2010-09-16,-1.2485684232711176,-0.6824593025661813,-1.0764440717666284,-0.6870481312831527,0.9593785880603968
2010-09-23,-1.2660888767688674,-0.4701387586806604,-1.0878362730113214,-0.7120171456918343,0.6955150813687218
2010-09-30,-1.2600604269594946,-0.5150548381606785,-1.0946189468551237,-0.7349474696055565,0.5875554767716896
2010-10-07,-1.291061840859622,-0.6680595130501656,-1.0932352835118722,-0.7922998197301702,0.6493838816829169
2010-10-14,-1.3506973733153147,-0.8217070720213389,-1.1258438688035142,-0.8493108364770088,0.514605911165069
2010-10-21,-1.391375208624549,-0.7130198646175938,-1.164765344493821,-0.9134660705662462,0.44852006846537107
2010-10-28,-1.382471278902604,-0.5718281688057196,-1.1804107249629046,-0.9162151751221946,0.2849807342133549
2010-11-04,-1.3832189244503237,-0.29065161366477543,-1.0780463061574825,-0.8853198349881288,0.20914394931709968
2010-11-11,-1.345181432703574,0.46909939409137624,-0.6710433451963426,-0.88152843448842,0.1613880146713787
2010-11-18,-1.2692018687536,0.527535657293659,-0.46352848767499766,-0.7510556236635589,0.010129874817382117
2010-11-25,-1.2146443091939827,0.38148453516904013,-0.4707296367084416,-0.6719956693419298,-0.1730835121654646
2010-12-02,-1.1870169168363365,0.6384889985610397,-0.2802239550314678,-0.6063235739530635,-0.432182267587103
2010-12-09,-1.1654617200085702,1.5619328359590685,0.3683812285402951,-0.49871784042673345,-0.5686015114671623
2010-12-16,-0.9195492255696529,1.0433274613799708,0.49531369141475956,-0.27519453381243775,-0.7123101313885822
2010-12-23,-0.8881350787370608,1.6365048348159905,0.9181865173116699,-0.11325137183402922,-0.7778837209528102
2010-12-30,-0.7534079983125433,1.2567096112079148,0.8117423547464077,0.003480274469975675,-0.8672374229785863
2011-01-06,-0.6559710761674444,1.3120321927078509,0.8844786225200267,0.157474847148666,-0.7806086512125376
2011-01-13,-0.6403616768681957,1.395658334043234,0.9942374280533045,0.22652232217459078,-0.5959275347576638
2011-01-20,-0.5436971715459944,0.73997772203264,0.7985937845675251,0.3132676977769478,-0.6906124521616224
2011-01-27,-0.5381294836472852,0.29720645970401927,0.6115592116415848,0.3293397037767709,-0.7456035518760269
2011-02-03,-0.6379470450173901,0.012284974855943716,0.4545402111027722,0.30111344709559984,-0.8666861217202664
2011-02-10,-0.6222566979862124,-0.17985979253893802,0.3481173891100281,0.39931939991507914,-0.8396030161424495
2011-02-17,-0.6945716221001496,-0.2258632157314985,0.2130704924901934,0.39568711489206454,-0.5705970008126007
2011-02-24,-0.7300962343433554,-0.006637135806562201,0.16926507960254233,0.40722895032564976,-0.3014832513136382
2011-03-03,-0.729381437217323,0.0003516108110464197,0.1288843849623603,0.4222987052718885,-0.2485098067771076
2011-03-10,-0.6596926057574618,-0.1363809320492107,0.10289740832601826,0.49767801695593794,-0.3064690983520408
2011-03-17,-0.7533224364872402,-0.07088650101448113,0.06003350479760938,0.41528354944757395,-0.2441009909308893
2011-03-24,-0.7091045103241761,-0.19793104426485458,0.030506003758158068,0.45909198089728054,-0.0883590339780353
2011-03-31,-0.746387659212077,-0.09423541946894824,-0.01731083992725016,0.3756925302668038,0.2543897342650834
2011-04-07,-0.756521900334723,-0.26248258834214444,-0.09828309227491405,0.36592689223390235,0.45553976519582867
2011-04-14,-0.7571148384737401,-0.48293044993237794,-0.18018625357714946,0.3169172464320436,0.3848835053962422
2011-04-21,-0.8307573325142148,-0.640262601695071,-0.271112051731405,0.2538259598569324,0.31755665642302383
2011-04-28,-0.8522820649486194,-0.7293006221122115,-0.36634734802323676,0.17036349743511559,0.3325793194830674
2011-05-05,-0.9773661925403645,-0.8836641809413732,-0.4897243116022303,0.02844562374745685,0.5209947096187834
2011-05-12,-1.05479194730617,-0.9316742885108198,-0.5972060506722991,-0.0007806209879568371,0.6385376838404451
2011-05-19,-1.1123439708347527,-1.0209229848390193,-0.6895134135420353,-0.07484897893649267,0.7856514036171081
2011-05-26,-1.1556776445080965,-1.1113466615322605,-0.7766719023583712,-0.13742754066847784,0.865680848245118
2011-06-02,-1.1789389685652492,-1.0697217891494095,-0.8349393645751864,-0.16362119828624,0.9222157103485416
2011-06-09,-1.2182364840012285,-1.0573788523582308,-0.9092564261669045,-0.2346177999666259,0.9644887076702124
2011-06-16,-1.2254999501718395,-1.1023778385212852,-0.975706152596414,-0.26356818335249077,0.9501458703175649
2011-06-23,-1.2729089609342201,-1.1550135922455804,-1.0590544370235497,-0.370207016242742,1.0813141836141007
2011-06-30,-1.3146077386363357,-1.2120515366968518,-1.1377356765600963,-0.45723638455058446,1.1935421369717625
2011-07-07,-1.3260440514630656,-1.208574719623048,-1.1846897282024895,-0.5238448052729564,1.2271488806587447
2011-07-14,-1.292233100023363,-0.9560572862287297,-1.1785874242698944,-0.48591969012055486,1.3126443803203873
2011-07-21,-1.206054472641987,-0.6448052242925265,-1.1841474787990416,-0.5069740438950756,1.3944436227596841
2011-07-28,-1.1599133936061365,-0.7998387242125602,-1.1978436417011031,-0.5532829733743596,1.3857020239842406
2011-08-04,-1.1573810850868929,-0.820680474224648,-1.2346773742689738,-0.5733332831687499,1.405867195682458
2011-08-11,-1.1772887143679358,-0.8215326564485875,-1.2565670445327495,-0.5887465728386844,1.426329152177917
2011-08-18,-1.246418041886618,-0.8236030359541074,-1.2682279490450215,-0.6195502183318684,1.4329070012597582
2011-08-25,-1.245896146648124,-0.7088604431679326,-1.2687361382152278,-0.6684681465241595,1.4354918083220136
2011-09-01,-1.2865680810640823,-0.8671286049603782,-1.2777061880621035,-0.7243257629478363,1.527835180264519
2011-09-08,-1.3052386807778167,-0.9567828393231523,-1.3167176227220065,-0.7921020009043888,1.588276828274615
2011-09-15,-1.3471621729134906,-0.9733256697672064,-1.360039394571964,-0.8150399235711157,1.6428475583966025
2011-09-22,-1.4171077531654854,-1.0697347434721198,-1.397049969043385,-0.8790563007667902,1.6490423665682874
2011-09-29,-1.4784896583135239,-1.2110394594755225,-1.44914520986971,-0.9577643578462114,1.6335718845413723
2011-10-06,-1.4834588551024996,-1.1141465463059448,-1.502928496884933,-0.9961373263095384,1.4281806103363364
2011-10-13,-1.5101869821371268,-1.0756020696233044,-1.5247164408647143,-1.0269665105783188,1.1176951288795842
2011-10-20,-1.494634374581527,-0.9629648436926587,-1.531057611207624,-0.9847118545870346,0.7387871989155865
2011-10-27,-1.5223637873728002,-0.9927925395515044,-1.534834638876633,-1.0115677909590841,0.40787214999173393
2011-11-03,-1.4664622290789842,-0.561848911061435,-1.459101661582722,-1.0157494388392547,0.2450988975600279
2011-11-10,-1.5319612192405119,-0.644975524848151,-1.4071030579268857,-1.0769202371779938,0.005199614304128186
2011-11-17,-1.5581340113012412,-0.8711964874122626,-1.406765980159965,-1.097916511688472,-0.3529224688808339
2011-11-24,-1.6071322730614015,-0.9646073209952793,-1.4425841718892953,-1.1589963124520664,-0.34364116759546404
2011-12-01,-1.5504014233035797,-0.5644475759576166,-1.4377424688427354,-1.0975921095553298,-0.38357227556756146
2011-12-08,-1.5191689570752223,0.3721032823982475,-1.309301977167357,-1.0344678075096545,-0.5809830931635654
2011-12-15,-1.4068240922128075,1.0870468604745054,-0.7735115161160672,-0.9327273219649439,-0.5041218019963726
2011-12-22,-1.2868381379479332,1.2958573496372885,-0.3446290106684162,-0.8882013583303621,-0.632451823433928
2011-12-29,-1.1298847911890002,1.522491348414141,-0.08827974129956861,-0.6895054066398565,-0.8558881635322142
2012-01-05,-1.0476767742419943,1.7971295273261996,0.5519227051061333,-0.5471163162653334,-0.6878217121808226
2012-01-12,-0.9758950971202627,1.2383715184663102,0.562060680244628,-0.4408625738047161,-0.9239761546718428
2012-01-19,-0.9639981214917179,1.2589951375622064,0.4152866993618428,-0.3036613729901006,-1.1230324975077217
2012-01-26,-0.9820349297808899,1.1137118259601677,0.4623482332020206,-0.18868347057119877,-0.9628873521387882
2012-02-02,-1.040159257472329,0.5350878903234102,0.3250778306672767,-0.1419632693760458,-1.1009891060528638
2012-02-09,-1.0376158849947075,0.15729308245876503,0.17342252999782856,-0.16077176068184929,-1.38766139824347
2012-02-16,-1.0536371429204894,0.08186876123094466,0.04047644432241268,-0.1791038184846438,-1.209784510180826
2012-02-23,-1.0605192747778682,0.015096307087041627,-0.054965838916067045,-0.15218343633120263,-0.7289121660793138
2012-03-01,-1.0698956670426218,-0.05782627735392262,-0.13562028062425094,-0.14743676003729955,-0.46361894637410683
2012-03-08,-1.130921952335362,-0.010611054328830694,-0.22211616203899373,-0.19671212816567307,-0.22139925182483455
2012-03-15,-1.1146584504102637,-0.07800679985262798,-0.2559315340765165,-0.19463569985443369,-0.19010200845906566
2012-03-22,-1.1447865711546301,-0.1125828899457815,-0.24573092301802058,-0.19359898489604488,-0.061793808965827035
2012-03-29,-1.1051413146422304,-0.2830241196856009,-0.2650094407260584,-0.17319680382870517,-0.14439714968393297
2012-04-05,-1.108742222521558,-0.28781187689905285,-0.30849622323867376,-0.15839503249614206,-0.1903554932557902
2012-04-12,-1.1444440617606633,-0.24452335826130425,-0.3513920103912722,-0.1430799144235258,-0.03393899413755841
2012-04-19,-1.1100886238233423,0.062705133228461,-0.32928022317209027,-0.11651382915839878,0.2711719719404933
2012-04-26,-1.0885114845387192,0.6076049341244305,-0.10089977429253259,-0.13444011547648965,0.38801858205246254
2012-05-03,-0.9713029143403555,0.8092094171582513,0.23118225614296556,-0.02819667466861142,0.32999945207471504
2012-05-10,-0.9300286144708478,0.41969167745790903,0.20682903594714785,-0.0658365263816324,0.5604663998756158
2012-05-17,-0.8579912041824213,0.3311693028877827,0.14958754762733184,0.029730222189107022,0.40467585938022516
2012-05-24,-0.8780267286818875,0.5650620311952466,0.34895387249703247,0.02871527166934093,0.48205571888926435
2012-05-31,-0.880537009743789,0.13771071418746897,0.22602862294741982,0.04016225653707614,0.5652202401734939
2012-06-07,-0.8303985815333503,0.21392022399541677,0.22359903787952778,0.1114720105460543,0.695060947195475
2012-06-14,-0.849869333016514,0.040274835070838226,0.21584952160844595,0.0633978078420224,0.7942951475312411
2012-06-21,-0.8312439129818134,-0.25635122806064914,0.07185020632379152,0.03179263617363082,0.7976192748155906
2012-06-28,-0.7898727691079896,-0.21013126593698064,-0.01631408299572512,0.0252585522172816,0.8821004914022166
2012-07-05,-0.7617239687811438,-0.2245005580286061,-0.09665203240600154,0.011585537133704332,1.0359466167916975
2012-07-12,-0.8197817957830171,-0.3594594822640118,-0.13487071288212762,-0.01835332518406635,1.1013491114226506
2012-07-19,-0.8263056398256201,-0.5374015638370605,-0.2282780960073506,-0.09298560610819878,1.1537237028226779
2012-07-26,-0.8761229279534832,-0.6680318079783987,-0.3219865541728406,-0.16260878361955616,0.5992586083131691
2012-08-02,-0.9498438057043639,-0.7602121966878489,-0.4061741518074852,-0.201829264698911,1.19770206378704
2012-08-09,-1.0225547288936898,-0.8653192346973424,-0.48338271325101645,-0.25200043928307475,1.2494345020500486
2012-08-16,-1.0868310087837365,-0.9304035796468261,-0.5850066605749102,-0.3334152041172768,1.3568653151093146
2012-08-23,-1.1102518873697829,-0.8073155954853434,-0.6376544938720595,-0.36071260144197687,1.4577182790867398
2012-08-30,-1.1853385978231086,-0.8695359961533132,-0.7157284362277883,-0.42767869598695696,1.578698742192003
2012-09-06,-1.2352051253729035,-0.9778647398884095,-0.7968490133039102,-0.48326750103512245,1.6204700534622456
2012-09-13,-1.2616539815206387,-0.9820381314307933,-0.8718314069045694,-0.5365377529188942,1.6933118848997528
2012-09-20,-1.2645742728603298,-0.8366480305901226,-0.9270863201858891,-0.5371648065446679,1.7367558268962076
2012-09-27,-1.281908460968436,-0.3511909135052953,-0.9091699891655671,-0.560972040608321,1.4331016793180238
2012-10-04,-1.2808124230175615,-0.39399866600942424,-0.9154203816569428,-0.5689399653869646,1.1504111742867256
2012-10-11,-1.224975791349806,0.5419587027468782,-0.7532795403539394,-0.4791314940356469,0.9931254549448518
2012-10-18,-1.1147262834193055,0.09860053114232953,-0.7175382826091984,-0.5100591506490821,0.5174442030240481
2012-10-25,-1.0332142797606456,-0.003127734696131035,-0.7289277017931307,-0.45758012823868066,0.264907102170073
2012-11-01,-1.061699762415505,0.5472883808021471,-0.6404625742386241,-0.4485115858749789,0.18154296317367558
2012-11-08,-1.0801554962355837,0.938397534880508,-0.3780486079446955,-0.43788813658137193,0.07664274620398853
2012-11-15,-1.0624121733502099,0.4848443057440174,-0.29585406765497646,-0.3783388792412777,0.008479409923604075
2012-11-22,-1.0604005302060586,0.3014117535215855,-0.2768618252194859,-0.32683150903005564,-0.15133656161973055
2012-11-29,-1.0198556441553175,0.6751925983509839,-0.03558826482228834,-0.2339739733849971,-0.1685609908318752
2012-12-06,-1.0162392912113258,1.080570399769655,0.3872177379833025,-0.16336640180715228,-0.3364172573870566
2012-12-13,-0.9367720357646008,1.2969162027306664,0.692811048228103,-0.034358460980595695,-0.47562586569544174
2012-12-20,-0.8827878558844131,1.6971639673084993,1.2114191426048344,0.10759646524226985,-0.44370300759494974
2012-12-27,-0.7908694764748658,1.6033098375881023,1.3946934675676146,0.26354798380072897,-0.5140519155132548
2013-01-03,-0.7672184428276357,1.2290501568946217,1.31587227027366,0.25505887751660694,-0.6224484281050008
2013-01-10,-0.6170107257086445,1.1505605320286325,1.3533368210776888,0.44381317134093146,-0.748506277903603
2013-01-17,-0.5416508999510579,1.2457728832574237,1.4351920609729163,0.5739368513888545,-0.9624342496298957
2013-01-24,-0.5844418177214892,1.2417786612690487,1.531142924278783,0.6035364711382508,-0.9882707215040514
2013-01-31,-0.44780340679604613,1.678882108716652,1.7546253317960954,0.8065939495920196,-0.8763455242618892
2013-02-07,-0.24810668971280658,1.7336697653730477,1.9167781865493532,0.9921822918324412,-0.9857999638172859
2013-02-14,-0.15899584239497977,1.366910137881119,1.8484320635805735,1.112921233571324,-1.1576112559335592
2013-02-21,-0.10512543854707723,0.8899304927969318,1.6857943166305673,1.2335183652450412,-1.7042842566859233
2013-02-28,-0.10156340536260666,0.5122833691453361,1.4529052884744458,1.2223755919608954,-1.0968777627801236
2013-03-07,-0.005430636082967455,0.536934093462683,1.348795484533119,1.318445143823788,-0.8375793896463171
2013-03-14,-0.021926331697943335,0.716372705043474,1.3450486374099149,1.3972905700069496,-0.8154391749945068
2013-03-21,0.008497837596660007,0.8792484284559554,1.3598672374767489,1.4007726726656888,-0.6978152282019479
2013-03-28,0.051786411009309474,0.5564660542296564,1.2223938084112733,1.3880340212314026,-0.7044522279103677
2013-04-04,0.02554659691232186,0.2798790678176079,1.061844520605827,1.357129976361099,-0.5687025865417825
2013-04-11,0.0239423342326327,1.0135702484545732,1.2335607414859824,1.3469160616414013,-0.4267964973481281
2013-04-18,0.07055673057271339,0.586005651697453,1.2002512035814592,1.3342689159420167,-0.16566354834631813
2013-04-25,0.13416764498344724,0.8487548373797842,1.2429473827048154,1.4214810742116948,-0.28632046505612196
2013-05-02,0.22934209919563342,1.5146845346356719,1.695059348390651,1.5600999505333135,-0.9486483409657083
2013-05-09,0.3035916243686815,1.0861513197749642,1.6314800248253738,1.6531132694853943,-0.7881307217706586
2013-05-16,0.3589587361884157,1.2437764228573696,1.67202079378644,1.7942032613004044,-0.7763726914802664
2013-05-23,0.38102763105252335,1.5578385184535117,1.8784025104562923,1.8936726085288949,-0.8519017806071221
2013-05-30,0.394904132996593,1.2483764551042733,1.834197131761067,1.9169301645441037,-0.7574538095975902
2013-06-06,0.3864662120565192,0.8163977713251024,1.643449651130553,1.9185513824394258,-0.4582943900904195
2013-06-13,0.4190373992262003,0.5046104098971778,1.384457367451027,1.9097757626555563,-0.6538276757060205
2013-06-20,0.46621339722990207,0.2621157396635866,1.302919256664369,1.8573437190611606,-0.028538748824996962
2013-06-27,0.5003785396663841,-0.0035053679209576805,1.1035145788740495,1.8417334583601628,0.16125811466982953
2013-07-04,0.44663810802431825,0.0008121276899152319,0.9335262704662413,1.7546296711358913,0.24115271964238705
2013-07-11,0.4074914961862394,-0.3527465793865824,0.7531053743172329,1.6598503140730467,0.31576469277930025
2013-07-18,0.3874292173904725,-0.5133298362236602,0.5913738137212539,1.5710006782814327,0.39799590355940834
2013-07-25,0.398905711055798,-0.4848379908007436,0.46528510227641523,1.463896155440972,0.35059659211374294
2013-08-01,0.41163874746047113,-0.5264452815588061,0.35565574409839806,1.417881681829362,0.3523125228404749
2013-08-08,0.37109421834804707,-0.558724928109216,0.22688983646735256,1.3225016349454566,0.4179452630312795
2013-08-15,0.3331942294522816,-0.7567137183513767,0.09461030435924195,1.2178986928320525,0.48639481702486487
2013-08-22,0.33754153482793653,-0.8207113548621779,-0.02314266586804055,1.1434623900766825,0.5395354902452045
2013-08-29,0.2889962930301394,-0.8486875934290066,-0.14718216974081394,1.0140778114228768,0.6192142829914159
2013-09-05,0.3056905635979611,-0.8061444201953128,-0.22002994822625915,0.9802181095070287,0.5903127960597737
2013-09-12,0.3324677058161127,-0.6287925663208712,-0.2727538717667128,0.9384094397927024,0.5269680781339835
2013-09-19,0.3427906397345462,-0.36774187250538987,-0.3151429773273311,0.8348709121911054,0.45723984529649886
2013-09-26,0.38236240342476074,-0.5885728649820599,-0.3548622412393475,0.7935637138803011,0.3365132108760774
2013-10-03,0.31178488185778747,-0.4785060173737493,-0.34639793516410444,0.6803662653394391,0.0036555080269907447
2013-10-10,0.3416973005277077,0.0029082428543993205,-0.3074146187702494,0.6975276263409345,-0.14741358119888037
2013-10-17,0.3606430455152747,0.49314748337984926,-0.2212083509613917,0.6919185930281502,-0.19998250676905494
2013-10-24,0.421399970283219,0.7677153822870852,0.005941558616803344,0.6761328814353601,-0.19039385360240413
2013-10-31,0.5415385792948368,0.8377462224834088,0.2602301246610829,0.7333522498361489,-0.32085523570520547
2013-11-07,0.6393608706797351,1.3443908973089354,0.7747018530478762,0.7826192948977456,-0.4557631062246036
2013-11-14,0.8099905319600981,1.0546272676143074,0.8266489421241804,0.9305202491272949,-0.7829065527853544
2013-11-21,0.7981544090093253,1.0864825646455507,0.8464853367939817,1.0191901361767801,-0.9360475081617736
2013-11-28,0.7737393366243696,0.6822949516290108,0.720015115469605,1.0205376119713256,-0.9582035734396451
2013-12-05,0.7373831813686011,0.3482721108320821,0.5378040643021269,1.0092863151785303,-1.1780292246522643
2013-12-12,0.708459279887766,0.10406545723994162,0.335484882877442,1.0377867200972046,-1.38011256608713
2013-12-19,0.7502365299699025,0.24468803692101795,0.2488702461815988,1.1232963423412636,-1.5138491480436251
2013-12-26,0.8125268967346639,1.2239267206235074,0.6874506664060278,1.2163883868296321,-1.1605298325871964
2014-01-02,0.9988994110878203,1.4121107517717575,1.0248854483335363,1.314013637048449,-0.9614900281536136
2014-01-09,1.0033928635546976,0.9570328079802864,1.1284682102109074,1.328629986353086,-0.8554892719959972
2014-01-16,1.0654390284381186,0.8690536726031989,1.1015404118931253,1.4572395801427234,-0.9002551928368702
2014-01-23,1.0530939798341985,1.1488457463948851,1.3364823701139055,1.5278240398395886,-1.054626587402771
2014-01-30,1.0965124518261193,0.9932449942974754,1.4277482367784737,1.5800679210587774,-1.1214355558103812
2014-02-06,1.1590158946724158,1.1271804237768763,1.5130453864959361,1.6872488548080553,-1.0591646154743026
2014-02-13,1.1660512881496672,1.6194860791059125,1.6854365713185966,1.7596517923211108,-1.1396693284436394
2014-02-20,1.1819685507800561,1.2899636233375302,1.5934191404690583,1.8227432102439236,-1.0518534174886256
2014-02-27,1.326818625812973,1.2081735957158586,1.6064434336343325,1.9284095479809036,-0.8930138845058702
2014-03-06,1.2369584863853549,0.7775638779585208,1.479515749133298,1.853888667934462,-0.8472493592719825
2014-03-13,1.262273818229464,0.2839013893568517,1.2949479433410975,1.8683679007265983,-0.9375634772882179
2014-03-20,1.3159127271282123,0.06212742374539271,1.160133382665024,1.9107554918296978,-1.0167455236369016
2014-03-27,1.2684555256677976,-0.13413449988901527,0.9963246743670993,1.8882312378265433,-1.0184396324193141
2014-04-03,1.2008404063091327,-0.30786318389357176,0.8236242439741779,1.7867524928884062,-0.948900106321839
2014-04-10,1.0934190252092866,-0.4640683666965517,0.6599705508204214,1.6496479093660876,-0.7304337626358969
2014-04-17,1.0774247276942583,-0.5974016983001562,0.5079806856690326,1.6258192204911235,-0.7371517349152084
2014-04-24,1.0187058176538084,-0.6569707821627881,0.388392925339909,1.4926486203473683,-0.7237207300104844
2014-05-01,0.9955217201268318,-0.5422623293156901,0.29763050027197374,1.3524864775713152,-0.6625883453208357
2014-05-08,0.9698587514342148,-0.5880249816123994,0.16488546663954978,1.2244392197628233,-0.5244915310606583
2014-05-15,0.9601781617508467,-0.5918079174677572,0.06462610014809667,1.0971484685652984,-0.332433750787156
2014-05-22,0.9283213040595412,-0.5764205970027947,-0.030792244360180458,1.0020949955502223,0.10748791872522179
2014-05-29,0.8611576056440935,-0.6034388220727973,-0.14257990377556504,0.9005791393361072,0.33340592748243314
2014-06-05,0.8404185261828357,-0.7797863446423579,-0.24367467273424187,0.7731833020715078,0.534383446187347
2014-06-12,0.7791823896314338,-0.9185607830598013,-0.3494409214549793,0.6212670832080627,0.7129183380130713
2014-06-19,0.7474538459212907,-1.036872093448532,-0.4502525186342105,0.5153594742568886,0.9407413281251391
2014-06-26,0.7398457605168487,-1.0177317481849428,-0.5356132567802192,0.42355020815667366,1.0133726308783204
2014-07-03,0.7457446184200853,-0.8330548329156988,-0.5976860103597694,0.34372488889664005,0.9843144823469092
2014-07-10,0.801469971901027,-0.1443307854711228,-0.5953906258605814,0.2766404964154489,1.060048472727952
2014-07-17,0.8429949866228752,-0.3046739795556478,-0.6295483599984216,0.20886667308261322,1.0633507780679825
2014-07-24,0.8260328595428806,-0.2454425454592104,-0.6309699346727775,0.1330814229211037,1.078902232665794
2014-07-31,0.7702233680527368,-0.07421549528389378,-0.6022744758749032,0.08899308273420932,1.1136098594288262
2014-08-07,0.7799283013293034,-0.1970037258046495,-0.5931673448737466,0.06348565568534009,1.0157786105083693
2014-08-14,0.9506528172876858,-0.007925922456146095,-0.47088128653856154,0.011927446508497447,1.0795496693448339
2014-08-21,0.9901668912901701,-0.39115961267827604,-0.5214737082197699,0.002481008023423256,0.9823067064768393
2014-08-28,0.9590767153402947,-0.5367141907002616,-0.5588894917678574,-0.048847142728871584,0.9478958645110477
2014-09-04,0.923411121309403,-0.7669845725964997,-0.6158712509936177,-0.10126733461515147,0.9415285441135326
2014-09-11,0.8616175617959345,-0.8953113039694078,-0.6813187745609872,-0.17546558934764672,0.9652984333791599
2014-09-18,0.8137226620581215,-0.8748212200833474,-0.733131748249966,-0.2562599516647357,0.9953708649855868
2014-09-25,0.74194298853176,-0.993599100625268,-0.8025663435159502,-0.3705388816851079,0.7707533570165944
2014-10-02,0.7605042867193909,-0.9960266151786272,-0.8322307844549726,-0.3819802644666208,0.48069330842636904
2014-10-09,0.8642352004272785,-0.10580110708158263,-0.5953650689073262,-0.3473967241727771,0.5445220250598446
2014-10-16,0.8578668322513213,0.21190764111412017,-0.5205354191224034,-0.358086712134742,0.5842316933754593
2014-10-23,0.7488454750139245,-0.12016307267963777,-0.5694952760961771,-0.39335059459875515,0.4405878515107562
2014-10-30,0.7466444027534369,0.01526582590918333,-0.5077137802598443,-0.3246715391257352,-0.13809989088515273
2014-11-06,0.778818191607078,0.7957208908225841,-0.12545684283864472,-0.19036464142318815,-0.5099881241186959
2014-11-13,0.7782454517404074,0.9150760601394334,0.2080973625993175,-0.07085919652200057,-0.5002322422682357
2014-11-20,0.7424650838252906,0.5999480468221868,0.29102749859760035,-0.03636025752413646,-0.43261917558181545
2014-11-27,0.7738504161253041,0.2346884512241928,0.23532698379925532,0.08994478837966663,-0.6193883527014173
2014-12-04,0.676526052821786,-0.055940466359345076,0.15829544590677797,0.04892404737369848,-1.039570847538132
2014-12-11,0.6889927283648708,0.11257193434786619,0.2159562628858931,0.11277997638652211,-1.102813114836828
2014-12-18,0.7000995649389951,1.1769267513959583,0.750104481211427,0.1248971974667279,-0.8153800243679298
2014-12-25,0.7920709455553456,0.8672671267421524,0.8026875915824179,0.24117516223145347,-0.7605772875054158
2015-01-01,0.8161855804334704,0.9118869517244199,0.7098602993067078,0.2655449676273764,-0.8529745265324785
2015-01-08,0.8899336073027369,0.9950287500424846,0.6968900610180715,0.350731197006866,-0.7497420006351049
2015-01-15,0.9566827549944402,1.3869328543891575,0.9640133524383143,0.5481091707299328,-0.8664273533815197
2015-01-22,0.9568582613494996,0.9109477498009414,0.8939527354893075,0.5214768372762626,-0.9988796290639762
2015-01-29,1.1587985352373134,1.3770811889986803,1.2388648869576167,0.6607607129223618,-1.0974554817485465
2015-02-05,1.0182154738278995,0.9363858966797161,1.0751883615686537,0.5906457863136991,-1.2397664337966736
2015-02-12,1.0467507948943913,0.6500093966534332,0.9113074956826696,0.6803270584973508,-1.2582100473380209
2015-02-19,1.0955805583078266,0.6748997764275717,0.879612348474227,0.7839869596205138,-1.1983133853798726
2015-02-26,1.1083764027485528,1.0125524868347329,0.9992915832722115,0.8382739381168466,-0.9828962061253546
2015-03-05,1.0599556905006908,0.9054136845644327,1.0161631423571287,0.9097544341446067,-0.8694057684379726
2015-03-12,1.0883291259714327,0.4034545460703216,0.8932726415723762,1.0100479684813009,-0.9135133416276482
2015-03-19,1.0874024222683256,0.08605636901893121,0.7795836351642751,1.0178935469726964,-1.0522843541650808
2015-03-26,1.065003354061281,0.32844260602971037,0.6981634629217945,0.9707208589386834,-1.102726858723913
2015-04-02,1.0681035782418178,0.7184245783031241,0.6597272040167613,0.9450182437589392,-0.7399100858676503
2015-04-09,1.0417002825404502,0.34229936599149285,0.589463984169452,0.9033133972772411,-0.4999836971254116
2015-04-16,1.0199136969862659,0.050867141000373595,0.5016034979202232,0.8658111981022507,-0.5244010230700789
2015-04-23,1.0016556309962699,-0.03544392060208368,0.4233425504373222,0.8252206558077348,-0.387286102856562
2015-04-30,1.1416761620331497,1.152836074741275,0.6503153347977043,0.9365795294900258,-0.03600098098030513
2015-05-07,1.102473092761721,0.9546314174206307,0.7436940214062739,0.9597835850775387,0.05254862276666372
2015-05-14,1.03521825169931,0.2993412084944659,0.5798269435858445,0.9550375372922286,0.15030981008838434
2015-05-21,0.9688719248327964,-0.13326751507742834,0.44161228590303536,0.8805000103153714,0.12528834746519457
2015-05-28,0.924519652609499,-0.4072013812667916,0.308480447297512,0.8028958234687326,0.08176906032798208
2015-06-04,0.8555769399306046,-0.6136146744363549,0.17299035038590854,0.6245732490822309,0.08190389998343442
2015-06-11,0.8152158069521006,-0.6319470100516114,0.08014012280011175,0.5110565985368358,0.18800710676814375
2015-06-18,0.7268344501222421,-0.6731640668197646,-0.018046043162673456,0.4502208973199615,0.3596620811727682
2015-06-25,0.63921340220262,-0.8714268775775909,-0.12984788174397882,0.32238185516005946,0.4606555122357814
2015-07-02,0.5053564769054879,-1.0208613698981195,-0.25052364502800434,0.1792096879651393,0.6325967043536045
2015-07-09,0.4555708706451943,-1.135669746843141,-0.37073329742901595,0.012870320081817654,0.7482836246510641
2015-07-16,0.44477629386793704,-1.2258391671286755,-0.482148906551491,-0.1462785049528248,0.8774068333952708
2015-07-23,0.4784713039578865,-1.2781827562521966,-0.5733813351245003,-0.23638748959374384,0.9728152203952627
2015-07-30,0.37881053499233874,-1.2976177497207049,-0.6729459723131177,-0.340876233697152,0.9925001840982499
2015-08-06,0.33725376630175385,-1.2391173369982442,-0.7379760649656761,-0.3977202397686982,0.9735059570748177
2015-08-13,0.34274563111006584,-1.2283001312589181,-0.7865831976849604,-0.44380027415671425,1.0774563251380858
2015-08-20,0.3401398200966561,-1.2664047696205272,-0.8448248457764116,-0.5210231711768721,1.0974704626666705
2015-08-27,0.35662820426460295,-1.2873595591435825,-0.8991100228501926,-0.6142080924441415,1.143040481786352
2015-09-03,0.3937515246896238,-1.3081154495309812,-0.951570361176933,-0.7147964126761831,1.1089750081603396
2015-09-10,0.43132793324440044,-1.2359546790979365,-0.9729674972927009,-0.695565152863043,0.8766572899772558
2015-09-17,0.4573746822963021,-0.5190176348943308,-0.8870981143419732,-0.6504691179975004,0.7867635415534358
2015-09-24,0.4209597008472389,-0.8018448971138331,-0.8883997178037332,-0.6905779992720433,0.5547531752516339
2015-10-01,0.4056659672943883,-0.9323336085974869,-0.9019650043073415,-0.7062772294726698,0.2566731607643138
2015-10-08,0.3671315167092606,-0.8825332430974322,-0.9004229988995793,-0.7676029125518191,0.21146470449859112
2015-10-15,0.28260023539799095,-1.0383300189703562,-0.9166473673867125,-0.8558698198944836,-0.005074835888178031
2015-10-22,0.23030565776211365,-1.140367414880684,-0.9513462271485191,-0.9114544316877932,-0.25212934330622316
2015-10-29,0.18857750792794414,-1.041626770204028,-0.9485173378584599,-0.9430208909859829,-0.37355762537835957
2015-11-05,0.12345155588801493,-1.1062236219671444,-0.976684279590589,-0.9748603590264282,-0.3960646864261469
2015-11-12,0.04900581982964791,-1.1909290796452248,-1.0301790009311749,-0.9930776241428227,-0.3307287310325834
2015-11-19,0.08232149309210873,-0.31402369922155193,-0.8779859058144177,-0.9746293717682559,-0.14665737868637113
2015-11-26,0.18438518043042507,-0.0774188089271245,-0.8261519297699935,-1.021715088085346,-0.2437549348148738
2015-12-03,0.15611164542940603,-0.2751166030725891,-0.8823583436577082,-1.0463610077132628,-0.42038518917385975
2015-12-10,0.11266341958208004,-0.49384888777377733,-0.8841020594151746,-0.9954258539800076,-0.6041597567228298
2015-12-17,0.07932082377321692,-0.5605355192694204,-0.8861050085822197,-0.9227290173907646,-0.6415708356893899
2015-12-24,0.050859163415686304,-0.6272803201596262,-0.886093449823298,-1.016949047064053,-0.6880850762853528
2015-12-31,0.2024294774141065,-0.2817203927529338,-0.8246997617702134,-0.953939976429927,-0.7727444325279458
2016-01-07,0.2920456740971241,0.8407791971447016,-0.32856792563469034,-0.8363810612485159,-0.4628799700401332
2016-01-14,0.2570008076299334,0.9583238593097068,-0.06559029807651673,-0.8551075686313439,-0.4191557816487337
2016-01-21,0.1653441982102665,0.4475491594283415,-0.10783516951060182,-0.88052644044063,-0.6543441807191546
2016-01-28,0.15150084095087457,1.0585490494402128,0.014793613227743418,-0.7793896119344216,-0.47415813622341363
2016-02-04,0.3073910824238984,1.5741149820221856,0.3824827057253737,-0.5843179831892803,-0.47066184060135596
2016-02-11,0.4602332844010939,1.879442740030703,0.9688552891534102,-0.40664829710139094,-0.6665887342111518
2016-02-18,0.47681712530757014,1.4778195856861571,1.0532971744877866,-0.3545303701706215,-0.8669779668636051
2016-02-25,0.5496081524544977,1.424424644286264,1.0291172222555025,-0.19143824129101283,-0.8152941121431331
2016-03-03,0.5946521137816065,1.6844515108676033,1.2252731191598867,-0.024418630891336113,-0.8268148521509804
2016-03-10,0.4903312051187103,1.3774755834685475,1.177650434282887,0.006267493876605079,-0.8813908658149893
2016-03-17,0.5094363646367113,0.7002562845024921,0.8362070659009682,0.05645592519885273,-1.0554739856820965
2016-03-24,0.49742417660132876,0.2896522878057631,0.6029491132418671,0.08862233495049784,-1.1219157638056112
2016-03-31,0.5279750257588083,0.48337606187762466,0.538393797378721,0.12606223725523097,-1.0069357747018863
2016-04-07,0.5772518671047545,0.8443215311285159,0.5541502389837016,0.186259370128821,-0.7132269034904061
2016-04-14,0.5586658250124642,1.353090129436354,0.8576083785123585,0.2641702875732286,-0.46499088431353397
2016-04-21,0.5796538953273551,1.3537460067282245,0.9051595626226059,0.40577101318118214,-0.5423601767385324
2016-04-28,0.5499951542192306,0.8828796075852694,0.9688841402348642,0.3948393143071423,-0.6442598128193316
2016-05-05,0.5818491977026903,0.533480984952671,0.8139655405978985,0.49887522315363947,-0.2828185420039241
2016-05-12,0.6550903608961759,0.9384734723944941,1.08636796418009,0.5599543065888126,-0.14531529733823
2016-05-19,0.6892267171618394,0.7346616232927268,1.1283651399475445,0.6037265510443856,-0.08803583147069394
2016-05-26,0.7951132664132287,1.136309041810875,1.3599706699480394,0.6921666478644629,-0.23751326254124394
2016-06-02,1.1760894155774717,1.6305064047266404,1.7333173589153992,0.8657157134803886,-0.4388255825018972
2016-06-09,1.4232349402506177,1.4333273767585437,1.5291472888698654,0.9912681514337893,-0.3675972311640281
2016-06-16,1.535306714245129,1.4410509527854163,1.4338570057877469,1.0514094574540966,-0.24560776852576693
2016-06-23,1.6089107029525016,0.9499303147419751,1.264290861444005,1.0680771438873982,-0.12013786089150935
2016-06-30,1.5380463997522453,0.37872287537051946,1.0715783589855825,0.9987931680110637,-0.09642183871043852
2016-07-07,1.4702234814340434,-0.027365744250409718,0.8705411444971768,0.9351321545070345,-0.06576640459356964
2016-07-14,1.3823055197199325,-0.21799844083530717,0.6763646930786862,0.8206108036435611,-0.011298125098674006
2016-07-21,1.3388628080119598,-0.38309253487169886,0.5307867560436066,0.7285664332012397,0.03616596440370615
2016-07-28,1.23719764390136,-0.5583031189819286,0.3405821325087553,0.6121199498378157,0.11079941559681843
2016-08-04,1.131844830569652,-0.6233243623347651,0.19208923651935308,0.4906109903983002,0.11388062516848274
2016-08-11,1.031448181356107,-0.7994624537430997,0.05688833066535362,0.39489305952457815,0.15187999018750403
2016-08-18,0.9935921750655309,-0.8443253476294905,-0.04090831552403543,0.3006114636086634,0.21975745264280747
2016-08-25,0.8973879176232747,-0.9703059994661497,-0.21463629655509736,0.16803298946561845,0.3212148971868729
2016-09-01,0.838334638658587,-1.0398821169968224,-0.31377071461062134,0.044567823285391106,0.3636498396503331
2016-09-08,0.8184894920923641,-1.113709215500546,-0.4308560534986104,-0.05323524096071153,0.4008936899330836
2016-09-15,0.809950878267496,-0.9576422364379622,-0.4807150156829108,-0.13071827125429014,0.4177294508049326
2016-09-22,0.7716093655515688,-0.9802329978395761,-0.5473096668693808,-0.25127044107626595,0.33614602059198156
2016-09-29,0.7462771928091669,-0.9924508657999866,-0.6212650268653749,-0.28059583363960794,0.24290172717371256
2016-10-06,0.7074044634428098,-1.068403573851632,-0.6668145567661204,-0.30749863157359475,0.08759702210369014
2016-10-13,0.714977308665811,-0.9246484351144499,-0.6948309909901218,-0.3581641169519223,-0.16161595146593705
2016-10-20,0.67712582703696,-0.7941226081978112,-0.7198270820583903,-0.46643938706402166,-0.22865164307205407
2016-10-27,0.6139528234221301,-0.6085795092395431,-0.7625776027835802,-0.5053352832395086,-0.19173168307288094
2016-11-03,0.6615303320652753,-0.5558834318421237,-0.7386732024429219,-0.5066212599281472,-0.2906905766676067
2016-11-10,0.6166106244026015,0.23964920707959622,-0.6691909281220758,-0.5925100909873644,-0.27879770672176296
2016-11-17,0.7178351212232563,0.5201325725950633,-0.4984393748221053,-0.5354162850277484,-0.32048276187908953
2016-11-24,0.6908764519278405,0.6222049541246911,-0.1871477127390342,-0.5171812187658662,-0.6090550957706524
2016-12-01,0.6586892980598132,0.14847449965754822,-0.2341470815661254,-0.5489403987568136,-1.0021006179449934
2016-12-08,0.6081078843634884,-0.1436629337907966,-0.3106175372075512,-0.5715377848422838,-1.1244565830911117
2016-12-15,0.5911134916405543,-0.3167466418322724,-0.37676415324172136,-0.61800711934257,-1.250757350602398
2016-12-22,0.5300342996823082,-0.3344589945557693,-0.4418779006901296,-0.691904451631099,-1.2109339767994127
2016-12-29,0.5112076400825696,-0.4268427640458333,-0.4537490405738826,-0.654927773808262,-1.2405638729809896
2017-01-05,0.4769254879991796,-0.5009270659669127,-0.48679844172237574,-0.6985236833236996,-1.1375012175384343
2017-01-12,0.46253166008605084,-0.20532806945703422,-0.4405364844700736,-0.7088778288363252,-1.067246834934196
2017-01-19,0.4065521063600279,-0.251445922301415,-0.45419810032002705,-0.7669424461804073,-0.9592224522804442
2017-01-26,0.40499359321007733,-0.3239354128025027,-0.6206245190657458,-0.7947947586427847,-0.9769809565723757
2017-02-02,0.41818989263584727,0.38553632825419515,-0.4811604300597855,-0.701438771837662,-0.3937611574231913
2017-02-09,0.4014390894838398,0.5712729186474622,-0.3013103682072086,-0.7172772680550766,-0.29750605992011236
2017-02-16,0.4044363356643506,0.2795817742186586,-0.26560615991259034,-0.6976890688829656,-0.6089523012554406
2017-02-23,0.44841694836352314,0.17571816333179263,-0.2656025148990659,-0.6120809650104909,-0.45429503286445855
2017-03-02,0.4989170892742728,1.2720731594138095,0.04140667027720668,-0.5718290557517127,-0.3090109493019
2017-03-09,0.5618252700086643,1.389265865649752,0.42281788420390376,-0.6198601523594526,-0.4158700147110014
2017-03-16,0.6201788871661847,0.6910123242903201,0.33590611243955776,-0.539370598380597,-0.4154221957441284
2017-03-23,0.5550485727033416,0.5152117557986994,0.3758396048787503,-0.5206369964358202,-0.3048453950564827
2017-03-30,0.5205393554931874,0.24802774338247308,0.31288054385387365,-0.46391686501252105,-0.32478384355619416
2017-04-06,0.45628844949810543,-0.03270884319800695,0.2200317393035658,-0.5397664355763634,-0.3031615094699904
2017-04-13,0.38405683252868505,-0.2765067750009219,0.11559729561201854,-0.5948703785052906,-0.3048179456820266
2017-04-20,0.33054736298191423,-0.43098927948893084,0.0035111070952515144,-0.6324029042402793,-0.3777027332319317
2017-04-27,0.3326368636608681,-0.3989737550199356,-0.10266320027557507,-0.6085955878645775,-0.3116059795600758
2017-05-04,0.3139856283451318,-0.15284294881650395,-0.15536938806803063,-0.5908871544416391,-0.19396583825333846
2017-05-11,0.2950648418466035,-0.01896366498596562,-0.21207592711430545,-0.5973685038060641,0.07515319478764379
2017-05-18,0.26528490871069316,-0.10515535021706196,-0.24753194728904226,-0.6125504150586711,0.2759740518927912
2017-05-25,0.21007245173268546,-0.3828993361862,-0.3127273570649606,-0.7093230818756127,0.5399241585854986
2017-06-01,0.17898621303226847,-0.415017788038687,-0.3671581121870812,-0.796483716712387,0.6483101040932047
2017-06-08,0.12428780011771068,-0.581979425233792,-0.4408472540690881,-0.8539593393539244,0.7292622921412947
2017-06-15,0.06960264634622448,-0.8042654494903492,-0.5251829634395924,-0.9608088250388673,0.8305039244590148
2017-06-22,0.04657791366947661,-0.9759666484393286,-0.6065284920129261,-1.0732055617054281,0.9358681549097521
2017-06-29,0.031504792855287844,-0.8522427035038813,-0.6222623499562973,-1.0709203143879247,0.9820803271664514
2017-07-06,0.08022865522967848,-0.9700585485303788,-0.729437463251664,-1.161327701744356,0.8532053196769505
2017-07-13,0.021559350868534777,-1.0343959542772856,-0.7873543786027316,-1.1823441889752702,0.8057898137171076
2017-07-20,-0.030531323304045843,-1.0690782492399364,-0.8510004302875749,-1.227945514939784,0.8283778473357891
2017-07-27,-0.06911406396380193,-1.0925226352838244,-0.9288539870386123,-1.281770891855958,0.8547916942902499
2017-08-03,-0.11308211877470009,-1.19888712708752,-0.9774198320742533,-1.355857703142818,0.8852094942364553
2017-08-10,-0.18095948682938645,-1.238452914639388,-1.0261195991169136,-1.4283802603319213,0.8923809129127787
2017-08-17,-0.21253662136523999,-1.2985233523503543,-1.0886209267491502,-1.4957125201177623,0.9253025473503442
2017-08-24,-0.20588235835982682,-1.3674535941523078,-1.1720107405568814,-1.5679787867232624,1.0160595446795495
2017-08-31,-0.19660263417956847,-1.268632987769797,-1.1838310936454208,-1.6045748695844435,0.9799380555290484
2017-09-07,-0.17303797848221503,-1.3228851037116414,-1.227141510291823,-1.5435981094705018,1.014462259094092
2017-09-14,-0.12349066916823292,-1.1854408199893212,-1.2625176398262306,-1.6238586319532287,0.9686549496918655
2017-09-21,-0.13206390091108877,-1.2118307750458805,-1.2902378563956027,-1.676971380036497,0.7929583497251209
2017-09-28,-0.19384221610166197,-1.2150059804156195,-1.3143668345158972,-1.7084384083209614,0.6223447638818544
2017-10-05,-0.19780852398667237,-1.1478217259376278,-1.3149221666504611,-1.737820522346186,0.6737103557488853
2017-10-12,-0.23813552070589916,-1.2660432507100066,-1.3705407665703435,-1.8075013307224332,0.5073380131799088
2017-10-19,-0.344250926168012,-1.3240506115667776,-1.393022031822531,-1.8607089920116051,0.3851489328294806
2017-10-26,-0.4309011567510874,-1.335661395289284,-1.4353234080565556,-1.9108204533514814,0.3707198393639197
2017-11-02,-0.4520769943308338,-1.2638602421252978,-1.4425901324950485,-1.907946881068046,0.32934810740612885
2017-11-09,-0.4774578866407726,-0.6568038290027574,-1.4569937248847604,-1.9270539217478406,0.4274705136936866
2017-11-16,-0.48740177367967447,-0.5405454347944185,-1.4469142522394018,-1.9327627875089244,0.47578165758727553
2017-11-23,-0.4544661337127637,-0.23739097474061133,-1.4253116935204413,-1.8939739001802005,0.36496193918694475
2017-11-30,-0.4890956973877093,-0.04330995569147278,-1.3560342263175018,-1.8003196939263972,0.26202585419869484
2017-12-07,-0.369696093849207,0.4183366758570176,-1.1766883455576405,-1.7015573379691045,0.14034937087185462
2017-12-14,-0.3581471764141251,1.0692659214992062,-0.6981115255945322,-1.6801885631446165,0.2053396140375209
2017-12-21,-0.25032138869761283,0.7502503018464057,-0.46297823471005944,-1.534947009326621,-0.22540917613483646
2017-12-28,-0.1888769799738111,1.1217403147240934,-0.15507670230202597,-1.3696986818873267,-0.14115996628873606
2018-01-04,-0.00014753727396654703,1.8230390957658305,0.7573955672207873,-1.2040897084287328,0.006876153019888531
2018-01-11,0.04200833968659723,1.334041703226124,0.9860649175816961,-1.072148931366371,-0.42243695282068294
2018-01-18,0.16671941928584444,1.7948480434797953,1.3326506538666285,-0.8542979942377056,-0.44407019787904534
2018-01-25,0.3852662892466875,1.862676150109323,1.7800805685768435,-0.6232924241406483,-0.5519058737927844
2018-02-01,0.7329273427930901,1.6161580455834565,1.814771127917811,-0.3079210206413343,-0.7144038194834492
2018-02-08,0.7932756316025167,1.1822863750120347,1.683709117625324,-0.08629275744613374,-0.9913311407957531
2018-02-15,0.8343833900482489,1.604253884032887,1.7537486514895368,0.05003489070940148,-1.026314074299828
2018-02-22,0.8597226304660546,1.138215922690811,1.668628363227565,0.15784244914745738,-1.15756864370928
2018-03-01,0.9933013472388581,0.8704370121700606,1.5004507509972669,0.30122922118676987,-1.253505478358918
2018-03-08,0.922080663209616,1.1173863605391807,1.4865098063839548,0.3560429662495882,-1.004816012785037
2018-03-15,0.9510904565223494,1.6290594008701162,1.8693976600770892,0.5459679696005569,-1.284846709501441
2018-03-22,0.9299901591697067,1.102055074415824,1.7232558258585629,0.6909639952187452,-1.52162182707328
2018-03-29,0.9817380248529886,1.2368411120917593,1.70555327503167,0.8204306440653598,-1.274297296456212
2018-04-05,0.9911101822248505,1.150012196992889,1.6857365803428457,0.9403589951166724,-1.0513038356708966
2018-04-12,0.9275131074744984,0.6427051047690269,1.4894907418191308,0.8577276358228416,-0.851518739696965
2018-04-19,0.8481414053608185,0.2147013939821944,1.2178109163978719,0.8240351303152587,-0.6395545560639898
2018-04-26,0.8197389822748067,-0.0077589091904714524,1.0516362355383122,0.8610337972861046,-0.5315731295226394
2018-05-03,0.7592605043549875,-0.1965484493785441,0.8802566736637476,0.7706847626146716,-0.40781352518497305
2018-05-10,0.7430225065651297,0.0046673142535984535,0.815257257097561,0.7515507578530074,-0.39149036133671117
2018-05-17,0.797047383901909,0.2023367397017245,0.77322515859594,0.735105526669881,-0.06625717967283884
2018-05-24,0.7290548310448619,-0.04617888465434605,0.6349249172266149,0.670751020545715,0.0848766876097467
2018-05-31,0.7148881285544844,0.07722239411415388,0.6176199615883243,0.6698139739983674,0.33634529441603134
