date_mesure,B,A,C,D,E
2010-06-10,-1.0373904298840342,-1.2659562843364545,0.4382368753977749,0.8679308046625537,-0.8452409534402489
2010-06-17,-1.0765219498763228,-1.282241489108886,0.3208369269375311,0.8171806709883476,-0.6296574520684647
2010-06-24,-1.151422337400309,-1.3224669174710884,0.35834146788486554,0.751143772717989,-0.6537770888291624
2010-07-01,-1.2005681164191637,-1.3563423308677047,0.4035586430220317,0.7843991256225178,-0.5742578449815818
2010-07-08,-1.2181081864571883,-1.3638264482981108,0.45713208143668327,0.8616352748761007,-0.7815695855099746
2010-07-15,-1.1989215051605666,-1.3662277258641313,0.42087236658540106,1.0990877112309787,-0.6462689323789093
2010-07-22,-1.2071727202749027,-1.389018647968939,0.2802956542414575,0.9279090769158179,-0.5872551791974008
2010-07-29,-1.2600588852733277,-1.4125717106317859,0.26552630212044104,0.8237007660699889,-0.7200531135117236
2010-08-05,-1.3344873807406614,-1.4532909908922167,0.08155351901995544,0.6901938255737261,-0.6250677959433724
2010-08-12,-1.334934250426869,-1.4447152518205189,0.05958489666271771,1.0273984393311322,-0.7042392169062482
2010-08-19,-1.2503962491794878,-1.4335651110008478,-0.03886593109805858,1.340299142464791,-0.6704225484514486
2010-08-26,-1.3031330725412733,-1.4430268328064346,-0.15879037651869532,1.2348029764681128,-0.5678611158091664
2010-09-02,-1.3702126138708406,-1.4406360896149162,0.04722357764203067,1.05920830980597,-0.7334322499241346
2010-09-09,-1.416705987435278,-1.472981053964855,-0.05123356609259133,0.9894383278745322,-0.4318308375968404
2010-09-16,-1.4480594594333667,-1.46998757828428,0.1294484528099431,0.9028517018966322,-0.5121136858375538
2010-09-23,-1.4589751478724795,-1.4630713440848098,0.24829307047214266,0.9218504508987178,-0.7053846234959221
2010-09-30,-1.4107021344297959,-1.455178438044543,0.4126055974534417,1.056566278622705,-0.8619543716861924
2010-10-07,-1.437267955751248,-1.4846571867466838,0.22178557805328425,0.9512015201196411,-0.6582227979405837
2010-10-14,-1.5121217226807782,-1.5408880907570777,0.1754527524790872,0.8523691951723693,-0.45490700570334774
2010-10-21,-1.5632290996977092,-1.541972574439321,0.12689497276869388,0.8340322956010471,-0.3508863228985134
2010-10-28,-1.5720069266189038,-1.5042851005996796,0.22750672611716571,0.8415900778878542,-0.8091334718060655
2010-11-04,-1.4823013449966744,-1.4713963890545247,0.41656513461769995,0.94005409157216,-1.123350416152602
2010-11-11,-0.7795389549567967,-1.4901396103829971,0.19865686475953748,1.2432408186812502,-0.9150631655937123
2010-11-18,-0.7192431307468219,-1.4671042226025564,0.2796709186240173,1.1676870556267378,-0.8215370981879588
2010-11-25,-0.7348546117589987,-1.4446707330115829,0.3563268996749167,1.1194734568600437,-0.9471746989367387
2010-12-02,-0.8109263325417978,-1.445081378581237,0.3052638080131913,1.0138717945876201,-0.7680125227720465
2010-12-09,-0.49175961263292783,-1.457871644544611,0.021635668837268307,1.183182961370115,-0.07448199529794353
2010-12-16,-0.3712593604333973,-1.3447354208521134,0.47790418565383797,1.3996962594993523,-0.9959316919020156
2010-12-23,0.08565508109319186,-1.3166761213836136,0.02480873720369925,1.6155580719613667,-0.24234394259225928
2010-12-30,0.021387741879332678,-1.2456896619104567,0.030077348025199013,1.7959306041274863,-0.24846080750360228
2011-01-06,0.39137268067423847,-1.1621997749753352,0.17147467145976858,1.8457025848047213,-0.4566041110487906
2011-01-13,0.6046773310090403,-1.111641626641465,-0.121497110607654,1.9068311351766358,0.06235389638572353
2011-01-20,0.45500224641586823,-1.0575603263325917,-0.08171705227852727,1.9353095476763342,0.07705636571332536
2011-01-27,0.4103043964865817,-1.0291155368194524,0.01355179763278025,1.7607892768835085,0.08877237609211464
2011-02-03,0.3015918636045677,-1.0169569538305838,-0.08408108323193708,1.6686041363771653,0.19380254823928778
2011-02-10,0.257328872015926,-0.9732327826041207,0.16377645906609728,1.5058513143683516,-0.3994233804601057
2011-02-17,0.17057284089960556,-0.9932323526451665,-0.04680035565841273,1.3402852611537344,-0.031715840009447716
2011-02-24,0.20383486270817808,-0.9870671528801742,-0.18630380576053485,1.247959458544392,0.38211005734235326
2011-03-03,0.1353264630171213,-0.9584106713161098,-0.15094677552487362,1.1297787666058607,0.43744170580557334
2011-03-10,0.009860279605516886,-0.9231597025055661,0.009134500938324297,1.0495063636881987,-0.021527038416924438
2011-03-17,-0.20090548211184844,-0.9617697998919398,-0.3396082679819299,0.9057993011544921,0.7647659520697786
2011-03-24,-0.24169997002814192,-0.9202590218332838,-0.09180228186096384,0.9661838257953753,0.1615291481034148
2011-03-31,-0.30502581614565494,-0.9273010568549436,-0.3427234764817936,0.9526710623629341,-0.5753791622722342
2011-04-07,-0.5664011519279919,-0.926533192203852,-0.39385428130748146,0.8707560657751613,-0.41269254917062104
2011-04-14,-0.623419699523098,-0.9194752575756377,-0.282787698358088,0.8001976388820615,-0.5876128920949657
2011-04-21,-0.6962076444163299,-0.9473332939706209,-0.4189215619191642,0.7116049199338059,-0.7937792260336389
2011-04-28,-0.7640483390454017,-0.9618028540272162,-0.43639818791940094,0.6844618668863669,-0.9769373504895128
2011-05-05,-0.8724627878160294,-1.0191559371953027,-0.6132709128518287,0.5086302964548781,-0.7184678361145944
2011-05-12,-0.9516527870015802,-1.0526026561587294,-0.5563882199660756,0.38523124589662483,-0.5385080762449179
2011-05-19,-1.0097540776564027,-1.084699532598283,-0.48267117323786934,0.28897524838581046,-0.6003723711279094
2011-05-26,-1.0495570879025227,-1.1115382734517048,-0.3912755375455328,0.2223729276120716,-0.7306336073136124
2011-06-02,-1.1051754725953598,-1.124446213196161,-0.2862007180573427,0.23062753989585882,-0.8410849986026735
2011-06-09,-1.0358783435998578,-1.1545938668261615,-0.3691093541360265,0.26014980913933494,-0.8554056657337397
2011-06-16,-1.0452389334337455,-1.135946557819477,-0.22619843391505046,0.32751466365686044,-0.9788204119268344
2011-06-23,-0.9707918723014242,-1.1587064299817453,-0.26211850826863814,0.3923688944847483,-0.7585113371826022
2011-06-30,-1.0173499967458355,-1.1875162313130976,-0.1515164523155378,0.38005267980586155,-0.8236079759636274
2011-07-07,-1.1416364129118888,-1.22782921106734,-0.114340721323,0.28617589849107017,-1.0531643215817221
2011-07-14,-1.1652243337827481,-1.2218095448308037,-0.10160326831354582,0.3787645160876264,-1.2010465274201931
2011-07-21,-1.0159184567219417,-1.2248339586123789,-0.18346307598428524,0.6457253403749028,-1.166780098145129
2011-07-28,-1.111155341823674,-1.235966881632569,-0.22438904710835117,0.5288328121545999,-0.9788624210049958
2011-08-04,-1.1736685083459377,-1.2458612905498225,-0.23269808278198223,0.694070346635197,-1.1227826578641669
2011-08-11,-1.2052805670062272,-1.2145737936382195,-0.2476611052665676,0.6266397883708577,-1.122366876355744
2011-08-18,-1.2739703621970984,-1.2230515157858166,-0.33182535121279444,0.5355364457329512,-1.094251291303935
2011-08-25,-1.2810463913458294,-1.2261818677342857,-0.35418775132306446,0.5585521926384762,-1.1740843787243993
2011-09-01,-1.3099129700937275,-1.228088068874198,-0.37364177116454433,0.5122578838401988,-1.2247923917506498
2011-09-08,-1.351523510001977,-1.247144337577365,-0.3542980488705346,0.455066931574869,-1.3121676149332033
2011-09-15,-1.3954734568592138,-1.261558529815793,-0.3078414235059861,0.43063161345750145,-1.4232806726799136
2011-09-22,-1.444514942436008,-1.275661824089749,-0.3164067414713734,0.3724810162079708,-1.4415293294784437
2011-09-29,-1.5074762484395317,-1.2876934813760679,-0.23506348472741734,0.3207055338027638,-1.5321368965590765
2011-10-06,-1.5506620173035495,-1.2915076081757415,-0.27699496760855613,0.34623190439794005,-1.4871219698794098
2011-10-13,-1.5806855446299366,-1.299658546320712,-0.301929963437534,0.30353927176713413,-1.433487459471643
2011-10-20,-1.585607286845685,-1.2930625134490707,-0.25100274014559143,0.31618400518004264,-1.3442971661854863
2011-10-27,-1.6137311384593582,-1.323842233777682,-0.4823256199434591,0.2687986439039567,-1.3186763028940747
2011-11-03,-1.5933124609332188,-1.3148856187691764,-0.4000959241006532,0.2755679812291012,-1.2230213218118096
2011-11-10,-1.5917703368110652,-1.3406823214955692,-0.5839368570818337,0.220059415162835,-1.2501954088550233
2011-11-17,-1.6424671232776868,-1.3391438770069377,-0.5556023542228551,0.20787460797755464,-1.3730304502402275
2011-11-24,-1.6920793728751518,-1.3544096561222352,-0.6567941567287777,0.1807972586769293,-1.4520999332675686
2011-12-01,-1.670951808402173,-1.3287109985328105,-0.464568672158871,0.2637116927778551,-1.2950044358670354
2011-12-08,-1.5415108663372465,-1.3258261676072403,-0.6270612825694977,0.3729011499066668,-1.3816840132801644
2011-12-15,-0.8861005368173663,-1.2850626232484565,-0.7448814587395466,0.7428475165009774,-1.4540089442503907
2011-12-22,-0.4674455210445706,-1.269594607075355,-0.9948467964705354,0.8789172116900074,-1.598802753204509
2011-12-29,-0.31433900002008375,-1.2109906946204305,-0.7277710362958206,0.9522092847310266,-1.381616054656492
2012-01-05,-0.03556358976920437,-1.266616342414809,-0.9758820796158485,1.1887538985374406,-1.6175351501351451
2012-01-12,-0.210249695352284,-1.181935786545239,-0.8724631655645134,1.0240419940312786,-1.5617537408516704
2012-01-19,-0.3342632212537746,-1.173869393937593,-0.7798377469263461,0.8168484494457816,-1.5139642281505448
2012-01-26,-0.27066459750739513,-1.1822035193282623,-0.8532858508300314,0.7938863763802656,-1.599566357597657
2012-02-02,-0.31722944800098607,-1.1973172602507813,-0.9383932229763354,0.5912541529464359,-1.7074130921344564
2012-02-09,-0.4139456659560944,-1.1847807864799704,-0.8038833683516067,0.38329807461715193,-1.5991505760892442
2012-02-16,-0.4940056662112687,-1.1917084740215391,-0.861736579815095,0.2808381622845527,-1.6588939543520493
2012-02-23,-0.5007806413731739,-1.192901034585319,-0.8406647296378047,0.2547204579681348,-1.6520474643593999
2012-03-01,-0.5292513865304198,-1.1915536384986796,-0.8044413112337236,0.2319675260498243,-1.652081443671236
2012-03-08,-0.46547491531223384,-1.2025454343415234,-0.9570578020090994,0.3335334971450221,-1.7610056261740517
2012-03-15,-0.43534226052656444,-1.1865987664582553,-0.8584643838938202,0.3354129945844928,-1.7265272912616334
2012-03-22,-0.5090399081407738,-1.194273344047029,-0.9634791845623284,0.2267750786479772,-1.7603099804046423
2012-03-29,-0.5977693471574308,-1.1750000544737282,-0.8091386457895424,0.1962672532024462,-1.6334170053642931
2012-04-05,-0.7468170571347552,-1.189400181885942,-0.8601164421584773,0.13752532223167324,-1.5583094913162725
2012-04-12,-0.8426837680538615,-1.2090168226404465,-0.8215733700874635,0.07865198376728744,-1.5863571177444435
2012-04-19,-0.8210102524961551,-1.1928068304854096,-0.710793303422921,0.1268257900050287,-1.512293072350608
2012-04-26,-0.5384969523408206,-1.1999029267682615,-0.93866600219264,0.2681795475605675,-1.678737778560508
2012-05-03,-0.38863008220464246,-1.1655592973306363,-0.9296472989321986,0.41805073238712787,-1.6884348102546198
2012-05-10,-0.4451240126813609,-1.1796386149369322,-1.0540411030806525,0.4032359239253871,-1.7919377736155475
2012-05-17,-0.46640488923779067,-1.147249334414267,-0.8189209904064515,0.47372864707167295,-1.6413069640111075
2012-05-24,-0.4027032106867616,-1.1545832578684416,-1.0620197200609243,0.4249116846769536,-1.795899742594878
2012-05-31,-0.5105766540601027,-1.1660880110973137,-0.9607066789659037,0.25837395657133055,-1.6890964767122387
2012-06-07,-0.5937068374008062,-1.1802223145968858,-0.9008028947551732,0.2072296004163039,-1.7154049887167853
2012-06-14,-0.5625724990551243,-1.192097714394708,-0.9714818685045099,0.26059585405589214,-1.7681999390514211
2012-06-21,-0.3008485782402385,-1.1853666895669657,-0.9569972335696832,0.44477365173584327,-1.8074038473363032
2012-06-28,-0.3585053066470739,-1.1678156022349202,-0.8596303750886739,0.24467796320953916,-1.7480762505818954
2012-07-05,-0.3310196590116975,-1.1600386514197596,-0.9819851777346125,0.5691721398072435,-1.7520382195612259
2012-07-12,-0.06252219406409354,-1.1393673256398953,-1.0822894518536503,1.016999663216381,-1.6681752045377536
2012-07-19,-0.11733190635298674,-1.1387548379333743,-1.1893305530631675,0.8529586774893383,-1.5731559076576018
2012-07-26,-0.27917716298537176,-1.1453177192509896,-1.2196221246145176,0.5008615216165737,-1.3839488769140629
2012-08-02,-0.4518301229578604,-1.1692025157132457,-1.2479274421927677,0.2810093623070983,-1.2946986220604877
2012-08-09,-0.590847278156485,-1.1870864157423198,-1.1736585484876951,0.15470546557837994,-1.0935717050671616
2012-08-16,-0.7604066507215386,-1.2373083615246083,-1.2198748859906465,0.12432904762644825,-1.067644995259156
2012-08-23,-0.8566662175158429,-1.2494057639414833,-1.0563593060011416,0.21632633150175584,-0.8446212960608326
2012-08-30,-0.9821715722035481,-1.2857075289630802,-1.1981235036242133,0.15933249047684672,-0.9215019038442942
2012-09-06,-1.0444133416695738,-1.2860801114154714,-1.0644464925161725,0.13258365991024879,-0.7301399771687328
2012-09-13,-1.0968732020406957,-1.3008432565530126,-1.1192672210497143,0.12105589019301721,-0.6675460572044652
2012-09-20,-1.1197475539932806,-1.2867835892920076,-0.9469092119768969,0.10718869680867948,-0.41039184597844325
2012-09-27,-1.1656817737923175,-1.3261261086874656,-1.258972374761402,0.10391553937524889,-0.5916069801396536
2012-10-04,-1.0843172034136164,-1.3004719094691854,-1.191892835111975,0.15538841426429673,-0.4358348156543481
2012-10-11,-0.6345662809272954,-1.2688780062614677,-1.1764119123386556,0.4932361841786874,-0.2585136918487949
2012-10-18,-0.3382671364464065,-1.267237358321501,-1.4589589939024497,0.5019905152190551,-0.22098093936387053
2012-10-25,-0.3898936878790229,-1.2240339727632792,-1.3046176201854456,0.2728065724590344,0.026476240168013532
2012-11-01,-0.4823891324061018,-1.2196115934777125,-1.4111236917598105,0.24225895448455692,-0.019955960306022757
2012-11-08,-0.34928896699716994,-1.215127170388112,-1.5518399774291436,0.28613425455786556,-0.0007738025551579097
2012-11-15,-0.3274153867088858,-1.1876065615297051,-1.4880126358446595,0.17548543368827296,0.07186497198792596
2012-11-22,-0.30926795233852733,-1.1611194087567571,-1.459916822871568,0.0741165738334888,0.17866823787058617
2012-11-29,-0.37636460630447477,-1.1502373843096925,-1.619290181390649,0.015834569090344308,0.11499686994029212
2012-12-06,-0.053283581699392846,-1.1359626704497434,-1.5931508745323497,0.2648406863803291,0.14742224685621197
2012-12-13,0.20029051363182215,-1.0671133244934197,-1.3426340329605226,0.4954182891343172,0.21926343769434198
2012-12-20,0.6976695933864703,-0.9434119993363463,-1.332463969225556,1.1457068359547384,0.1225050263905505
2012-12-27,0.8641328581864567,-0.8081237152638429,-1.3649210838504635,1.2841816585576606,-0.0836273282363123
2013-01-03,0.7557170789715508,-0.7735214370535297,-1.4579990002418661,1.2151066552189371,-0.3634419260604538
2013-01-10,0.6819950203852483,-0.7203979246039356,-0.9922438803100411,0.9918379010756193,-0.11222665342023713
2013-01-17,0.6127580699752535,-0.6700566104409411,-0.8730558496232745,0.718884154518042,-0.13794145759085802
2013-01-24,0.7982744422263359,-0.6591648418014426,-1.0776780915935,0.8171510569619409,-0.31241203969494363
2013-01-31,1.0269721336444149,-0.541798836848914,-0.8685195215153609,1.6720049984956722,-0.11500120673167588
2013-02-07,1.113436052713132,-0.4520276523287141,-1.0783633710252378,1.8759253856477234,-0.24964019340513308
2013-02-14,1.1470506838412287,-0.4046255237561921,-1.5060498263910667,1.7123822672729745,-0.3263088955512406
2013-02-21,1.0903837111847436,-0.3620113372573386,-1.499233355971191,1.213752787753915,-0.3113265619625814
2013-02-28,0.9364168606083281,-0.31660309175958934,-1.206548177535699,0.846619652365401,-0.09167112390963764
2013-03-07,0.8894408173282222,-0.2643019092211574,-0.7127413350728232,0.6566719548734115,-0.018506600156254834
2013-03-14,1.099432835608798,-0.21989874418455232,-0.8810868201167402,0.8259710917491149,0.031056006280347635
2013-03-21,1.1832997589874539,-0.20321112485271295,-1.250451775481987,0.6889019590469385,-0.0358816848598118
2013-03-28,0.9711979314439927,-0.1762666726441836,-1.2218644101662914,0.4409211904879752,0.02984264106697524
2013-04-04,0.8201212378070692,-0.1454034339270959,-1.1429643126897908,0.24660928308474594,0.14738640729791208
2013-04-11,1.0277827083400235,-0.1506426772072567,-1.494087634973024,0.38593825439613716,0.07648674717840172
2013-04-18,0.8905321824159609,-0.14264726197223682,-1.70157391751459,0.2998820703553936,0.13908066714269962
2013-04-25,0.7258578388966105,-0.11997975690110493,-1.3727590252175732,0.14664611313072046,0.27709594472786153
2013-05-02,0.6257138196367455,-0.10793717664877978,-1.4271236750239755,0.14722356554089855,0.2806421321987788
2013-05-09,0.5652615288496309,-0.07909789241729326,-1.126852177364745,0.457741349669968,0.42550389977659553
2013-05-16,0.5094414003817584,-0.07058730129689385,-1.0669374690360434,0.6650903615626538,0.39016002253556586
2013-05-23,0.600144453769747,-0.029406544550919147,-1.131490857630873,0.5026419984742782,0.5257745192394995
2013-05-30,0.5997049021113509,-0.051998647614640695,-1.526326591919527,0.6567321044074003,0.3873094808340731
2013-06-06,0.5884609134492952,-0.025992472788275676,-1.286834329756881,0.48610686268882225,0.5343941029676
2013-06-13,0.49740211553902336,-0.024445302811719777,-1.2057095898553085,0.28758991549008833,0.6293454412240792
2013-06-20,0.5847997373173296,-0.01784846706054764,-1.455713299853051,0.5015805600228834,0.5581319375317112
2013-06-27,0.4098465759660246,-0.008717108413237466,-1.2704469997667944,0.3113163737036711,0.7469911453905302
2013-07-04,0.2256532522782274,-0.06487868066409914,-1.5770052644778272,0.041635784579545476,0.6200302117265388
2013-07-11,0.0942197492558792,-0.10736253879806487,-1.4753383439074244,-0.099244165437295,0.7030956430450519
2013-07-18,-0.026996776619208712,-0.13691994008759206,-1.25904832478206,-0.21454592242322276,0.8008975230030139
2013-07-25,-0.04131905090403232,-0.14432514556052017,-1.0914470973099424,-0.3114987499310249,0.8134450963985986
2013-08-01,-0.11516651185716692,-0.15897549623891766,-1.0793455173634414,-0.43813116539376407,0.8828855063555157
2013-08-08,-0.20373590121674146,-0.21353199459971203,-1.4141927018687392,-0.5071127023635531,0.778966761486191
2013-08-15,-0.3051191047555937,-0.23154751183380973,-1.273526669188302,-0.5755288168299548,0.8714153809259628
2013-08-22,-0.37454121490749204,-0.2295879343261903,-1.09076480093399,-0.5472947113047146,0.9116627578649585
2013-08-29,-0.45468630247190234,-0.2717864127437109,-1.4361096052133278,-0.5097806447646722,0.8394397648302669
2013-09-05,-0.5201766027008493,-0.27747675003458905,-1.0260552369395541,-0.4782474705881324,0.9800257198558795
2013-09-12,-0.4859941217361245,-0.2530714234349814,-0.862537904953991,-0.325537143337901,1.1008697886085486
2013-09-19,-0.5295929370933471,-0.2885690930483418,-1.1940963186520674,-0.3148774036402014,0.93366147800547
2013-09-26,-0.6174883982515544,-0.2618725942942673,-0.9723026304576572,-0.3504980914297098,1.0569742862630345
2013-10-03,-0.7223431542052557,-0.30062573138744386,-1.5076124719994872,-0.38576434926732217,0.9002266117472417
2013-10-10,-0.7129262611054294,-0.28023435452813794,-1.1137085252604288,-0.22448477231034636,1.0951687052055827
2013-10-17,-0.5766930379856755,-0.27724577922269505,-1.027033959988565,-0.13101609478746684,1.0591631615069037
2013-10-24,-0.5003499645490834,-0.28516188779987645,-1.120948300870594,0.03984605070047048,0.9757159279918294
2013-10-31,-0.22844585299049186,-0.21769760150349365,-0.7890905463887891,0.3793502955960496,1.1573468436614427
2013-11-07,0.35454012618758707,-0.19620298493734295,-1.1564686198489784,1.1075838515738323,0.8642550473603894
2013-11-14,0.5200892957227968,-0.11918795373551137,-0.9216356792148649,1.2525911077325593,0.9959415543968593
2013-11-21,0.3942647345363406,-0.1402088577549551,-1.1011747912227001,0.881119673650681,0.7412560826757282
2013-11-28,0.20840119458113898,-0.1532282076009147,-1.0939750488303848,0.4238169293905934,0.8064546593922728
2013-12-05,0.06425592297910196,-0.16734842562045998,-1.0081442125050935,0.22599496078457407,0.7438607394280108
2013-12-12,-0.014219222323013841,-0.15260694243028355,-0.7260118825410216,0.048297774224678375,0.8182726077065763
2013-12-19,0.1273654360914235,-0.09471007881901933,-0.20800324776290993,0.11053773649144262,1.0300041078008744
2013-12-26,0.7416979900636642,-0.025030143949332645,-0.38962531680818324,1.2499805419799948,0.7918281784546434
2014-01-02,0.9500989724760927,0.023925084935719848,-0.5117948911639734,1.1257014314954243,0.7702792191343866
2014-01-09,0.864723073634232,0.05027566397271563,-0.631332637996247,0.7977369862238746,0.7012885699977287
2014-01-16,0.8745598846616851,0.09008800332428524,-0.45555623111299176,0.7115632760005812,0.6864501834227656
2014-01-23,0.9484858410081277,0.11909635781844724,-0.4242403747617881,0.7550304722819852,0.76023436455558
2014-01-30,1.136738230417625,0.18669126214388038,-0.3376123500500451,0.999935194647938,0.926085362931549
2014-02-06,1.2076545284713347,0.26580545867101224,-0.18668747529413016,0.8777724853721836,1.348081083191227
2014-02-13,1.209563007611843,0.2813122236946616,-0.5448549434522671,0.7998792986505595,1.0225639099742994
2014-02-20,1.1955363109024988,0.31559667977134187,-0.6090133003897675,0.6534904124046552,0.9912839396480837
2014-02-27,1.3967115551871467,0.42662427044995443,-0.17822416390954388,0.9341352001469188,1.2037790441355094
2014-03-06,1.2976331518281088,0.3774021988584465,-0.9810917070869525,0.7601572159370258,0.8546599536018016
2014-03-13,1.132669301130751,0.4121427106332216,-0.7544683037923975,0.3947980817122426,0.9941684606613875
2014-03-20,1.0369462319836138,0.47194658758943064,0.09718303543937701,0.23481869838028036,1.2573036195514478
2014-03-27,0.889968434807578,0.4535067510942338,0.00542966382089255,0.06575646527394902,1.182441990452632
2014-04-03,0.753447249778163,0.4434423668429629,-0.08163108903574773,-0.05546048032866785,1.1647870414880126
2014-04-10,0.6222284816110605,0.41961309842814953,-0.2673974948958109,-0.1847349269746721,1.1371212172563974
2014-04-17,0.5349365623182394,0.4414648318296045,0.09369957952771635,-0.2829361256717633,1.3370007897245508
2014-04-24,0.4494660903926599,0.43294366790808875,0.10589470824085856,-0.3721599708701993,1.3383920812634662
2014-05-01,0.41314506665839407,0.4323131927998243,-0.08061891882959288,-0.2873003355830233,1.282644651291843
2014-05-08,0.3794219297196209,0.4267826164602158,-0.1634941722155947,-0.2826076069377357,1.2423293157291135
2014-05-15,0.4354414129914818,0.45091143754272206,-0.033472667689337376,-0.26856921353085317,1.3862155732764072
2014-05-22,0.3806481690997437,0.43502939874621616,-0.17611409094402097,-0.22544256589027434,1.2750005775942186
2014-05-29,0.28739638520728417,0.4311950411076814,-0.3098485282014449,-0.26826660601470037,1.262800827083354
2014-06-05,0.22470983106610481,0.43559593883756675,-0.37520269224356795,-0.22688804831997855,1.2401064611734025
2014-06-12,0.17812757959709224,0.41886254281680063,-0.5734173387515784,-0.26185169864143837,1.2157069601516681
2014-06-19,0.04696198840210303,0.40999540564799725,-0.5226790478984111,-0.3289796493896119,1.2800399945395655
2014-06-26,-0.06869247129046979,0.3843946184995549,-0.6062739513165245,-0.3313588655856483,1.2641581393104124
2014-07-03,-0.12196822346646993,0.3830038281591394,-0.5108431628762624,-0.3091056524239175,1.3263702570781237
2014-07-10,0.0902762718962247,0.38212981858878764,-0.6315149457882294,0.11407556031638175,1.2493877113591219
2014-07-17,0.09608463639248477,0.41002655311930125,-0.49826912667656564,-0.005616317798667392,1.324911006915551
2014-07-24,0.0050581910593673896,0.38473631987591855,-0.4953381559459973,-0.1056053989705544,1.3097927560795306
2014-07-31,-0.061534120219141314,0.35768423643327363,-0.4151913920392214,-0.1454986817066338,1.3471895913170837
2014-08-07,0.073326740908778,0.40418745725643573,-0.22511960464333503,-0.15385879026618038,1.4406816794110162
2014-08-14,0.19936821355108053,0.41679533655757167,-0.5001994121471021,-0.06234919524063498,1.3309938925150524
2014-08-21,0.0629102630721009,0.4078905979802719,-0.32736631767411156,-0.15654061397837,1.418021292812886
2014-08-28,0.04564950162970455,0.36824265679471613,-0.5971535391565657,-0.18530034947804525,1.2889054632168722
2014-09-04,-0.1331120085540019,0.35789976714228533,-0.4073668771117973,-0.2506404177514301,1.3568526436993649
2014-09-11,-0.29830144296715977,0.3251360285297896,-0.3666056090795784,-0.29204488666401995,1.3960565519842465
2014-09-18,-0.4254483692031459,0.31321573334397934,-0.3849628348110937,-0.3233809496001525,1.3546637684555007
2014-09-25,-0.5375348278082023,0.2809754068284313,-0.6062155275989268,-0.4022337813059781,1.286368765088288
2014-10-02,-0.5107892441396644,0.3196815956175492,0.008023697461989387,-0.3234207421290776,1.5139821204117343
2014-10-09,-0.020139011105503257,0.33688512297431583,0.02094606720985126,-0.08427388966835209,1.443048480980408
2014-10-16,0.03672536208556326,0.31536281795271814,-0.35558307047428084,-0.21674190868991672,1.3028103488395353
2014-10-23,0.040674664804336375,0.30865674176141106,-0.42364402739919893,-0.25246809275517035,1.2766037747704875
2014-10-30,0.02516851170554052,0.35720202394033673,0.11576839960319293,-0.26603267862334107,1.4491653458917557
2014-11-06,-0.014888451949235715,0.3474426132372683,0.08125206902821236,-0.2487350090940978,1.3980415513570672
2014-11-13,0.04434921181550891,0.3290833728129404,-0.05358244110315824,-0.18824498817745555,1.2922817541286125
2014-11-20,0.135366448877438,0.30719561795937617,-0.4213560960715601,-0.1991416316445139,1.2147055005756804
2014-11-27,0.1461171001937192,0.3457436989687245,-0.08359726061679279,-0.24255700549017467,1.2541892731215838
2014-12-04,0.07262080297222762,0.29768804832370355,-0.5562607481779462,-0.32470890584731327,1.134142788073925
2014-12-11,0.3080468275380614,0.3580041596777198,-0.12386920889792336,0.10660939299423647,1.264649909208849
2014-12-18,0.8457378818753221,0.4000568673798638,-0.6210696628138586,0.6286488418996622,1.0730081182722044
2014-12-25,0.8772948275400798,0.46622658952261464,-0.43250263777150755,0.4835620006830508,1.1874214785406163
2015-01-01,0.8585661167016465,0.4908807617673401,-0.4616730662282177,0.30502269532149745,1.1784540719278112
2015-01-08,0.9337887718918326,0.5443419862017874,-0.10071471339428006,0.35606155520077876,1.2247503551545176
2015-01-15,0.980632271674188,0.5896813111233913,0.13549937418900593,0.35641598515266765,1.2433468348377774
2015-01-22,0.8351246191932302,0.5566479463039236,-0.39703496811075034,0.19542328299650802,1.1344566316467728
2015-01-29,1.1386512967535722,0.6976047905083355,0.6120930344721935,0.5270810194001913,1.4583106788301299
2015-02-05,1.124016421626455,0.6021300380828716,-0.7763514032505523,0.31009391373224937,1.0161152817109027
2015-02-12,0.9495193866421033,0.6497000252507046,-0.21759473909803484,0.11132618145310558,1.2012584055395767
2015-02-19,1.1028104109598793,0.7178382466387767,0.23773822163785752,0.38536080198595907,1.4321041047610976
2015-02-26,1.2896422028014358,0.7630536430702832,-0.18765481223665892,0.902301269858499,1.291831993308358
2015-03-05,1.353774560758107,0.7491043002006431,-0.7087125833897795,0.5287393457856523,1.1318519748945415
2015-03-12,1.179879621931215,0.7825538865071116,-0.34519714457778294,0.21614125016814634,1.2360505840249036
2015-03-19,1.0217098721362072,0.8083190352687737,-0.09765268876062227,0.05978945422152371,1.3823716017653083
2015-03-26,0.9865106518665387,0.8155743754798885,-0.03600733003542134,0.04799886951707133,1.4351665520999446
2015-04-02,1.14383020283645,0.8083269832268747,-0.4758247299494035,0.1293225323836088,1.3017749099517013
2015-04-09,1.0400548716323883,0.8242046548282531,-0.26648550738397847,0.008039883034184792,1.4315863853171649
2015-04-16,0.8576833762498366,0.8340275632842752,-0.08507806975921961,-0.12073484485525221,1.4254015617821494
2015-04-23,0.7509610541049287,0.8543182878094362,0.18641962732076178,-0.1434220730267497,1.564876089529894
2015-04-30,1.0128263215034163,0.9042666146888321,0.3999887139504831,0.34289119181342853,1.6846087310046896
2015-05-07,1.084884228844032,0.8835045531687523,-0.20868152345062174,0.4147377824247508,1.4940443880340668
2015-05-14,0.8448434370476469,0.8896437118904053,-0.015756075195502373,0.1692537562443539,1.5824970591826772
2015-05-21,0.648566366364581,0.8474629121641597,-0.2566721704762459,-0.08524556455935117,1.4688473033074034
2015-05-28,0.5144816118036082,0.8220104890972506,-0.028810785776027026,-0.2043720201710203,1.5579956202254182
2015-06-04,0.36468697724311855,0.7717038476634994,-0.29014572074132383,-0.3113534611263473,1.4893527939734703
2015-06-11,0.24906645185452259,0.7681409744008041,-0.025370285698193995,-0.4359351791270709,1.5367605044780395
2015-06-18,0.11546808074846043,0.7283757292167332,-0.10880894408000574,-0.9854684082232654,1.2645139919614932
2015-06-25,-0.00041371010409202436,0.6490851080013265,-0.15443183230397878,-1.6041784341253975,0.6259351710005024
2015-07-02,-0.11055226461113243,0.5828812099547689,-0.1196816794909154,-1.6806520496351791,0.627708264735984
2015-07-09,-0.2246592452687087,0.5527625231744323,-0.22948017917003435,-1.7809039457942877,0.557224386124892
2015-07-16,-0.31268899308774567,0.5458616427442472,-0.07315531335574368,-1.7910121442996838,0.6158223577980028
2015-07-23,-0.38706253080615394,0.530787196818312,0.07003582197078681,-1.7268945359977204,0.6711879855730645
2015-07-30,-0.48073855622701966,0.4678192967414889,-0.21310117832387196,-1.7029848478547946,0.5352596452962419
2015-08-06,-0.5737477355991626,0.4183062873064895,-0.33816430768509365,-1.7910519368286224,0.4449999011003647
2015-08-13,-0.6396615671872703,0.41315851080586224,-0.17685472432555155,-1.765696766255985,0.49101632006602386
2015-08-20,-0.6821808155945359,0.40036350360524064,0.040531305186986444,-1.6810999459560094,0.573038282730362
2015-08-27,-0.6909094406582789,0.39054675269791983,-0.13711956691351324,-1.5137858027955284,0.4601181519363698
2015-09-03,-0.7538840489639893,0.3808048965142181,-0.37104764828385234,-1.5342909260114097,0.3522714173995554
2015-09-10,-0.7575791674523693,0.4237084745715314,0.3449458551520146,-1.478085529948143,0.6000084611925478
2015-09-17,-0.7444610006048701,0.3844428657950086,-0.0483936845604247,-1.365820026626314,0.3975242319720817
2015-09-24,-0.7777588222763672,0.3276869353080992,-0.5429469303475217,-1.4531902856031544,0.18579273187781922
2015-10-01,-0.7784018587749824,0.35108269613792714,0.1925497501435528,-1.40521359060582,0.4209482229633547
2015-10-08,-0.75645413476787,0.32192567625281726,-0.13460218093758167,-1.3700528290439662,0.23500751542969645
2015-10-15,-0.8365212041362194,0.2964835413122567,-0.19976137735473085,-1.436024023567518,0.22245994203408118
2015-10-22,-0.8209215820887193,0.2976274143401681,0.05124835057515728,-1.4333819923842601,0.2720905070943714
2015-10-29,-0.6998404889726982,0.27295153011955975,-0.14539738965866955,-1.396341733382923,0.1242762598795576
2015-11-05,-0.7050407171041942,0.24434521896425726,-0.2503357878306507,-1.3969728596330966,0.0858359559878088
2015-11-12,-0.7344109118644975,0.2405754990821211,0.005966526120529218,-1.3575792956535846,0.13869886494609784
2015-11-19,-0.4273751019034539,0.2795852433270065,0.27394851642471335,-1.1003324473908886,0.1796418876546042
2015-11-26,-0.32237655819463423,0.2553327211139984,-0.10218126772389786,-1.1148048558075314,0.006698514336795181
2015-12-03,-0.48707288622143313,0.22840845724202952,-0.22755821289238776,-1.1298426867275533,-0.06263995768459779
2015-12-10,-0.532619617298495,0.23087919463566722,0.0009547807038195293,-1.188899255121282,-0.023817851596292825
2015-12-17,-0.49130643426489506,0.22364027023103158,0.06198989264066545,-1.1723502380247566,-0.05620924920036131
2015-12-24,-0.5853361505930323,0.20730048382784907,0.005724905516648893,-1.1937233912601632,-0.0766807605546069
2015-12-31,-0.5321143975166381,0.2688372370935239,0.9761301200924952,-1.2860075499362802,0.22676973389813143
2016-01-07,-0.22608740136304858,0.2615697204905997,0.6319752381334657,-1.177672241515931,0.0501102765501925
2016-01-14,-0.14818534979955722,0.23152209386520603,-0.19230533058740437,-1.0502930250247338,-0.18960089134860442
2016-01-21,-0.2611494895079155,0.21406765077523476,-0.28333302353172485,-1.0966271263519571,-0.25643664455324433
2016-01-28,-0.11204575899967151,0.23889760256499998,0.033234241841344006,-1.013147269747658,-0.1712163173026784
2016-02-04,0.17920758366595793,0.3172036990219514,0.7436083229543674,-0.9221614532922884,0.08948408139424568
2016-02-11,0.5938772981566345,0.38677080236976535,0.4410164921559327,-0.40350065809603236,-0.10333709544385822
2016-02-18,0.6684215946733771,0.40991820072980617,0.018410210714549458,-0.4478895582369784,-0.23089173694183074
2016-02-25,0.6532700803586459,0.4520537985950914,0.27574436349579834,-0.6721179573644973,-0.1784106301800782
2016-03-03,0.7357284702509053,0.5057035394579127,0.5650121345993472,-0.433441209633924,-0.12234935663556673
2016-03-10,0.7772358815387014,0.483702187414503,-0.2950422201028946,-0.2928916297553841,-0.433308007538568
2016-03-17,0.6325207549675975,0.5133749003034221,0.002211029136644338,-0.6268887898261664,-0.35886215994812515
2016-03-24,0.52857990858482,0.544138213272095,0.48779427771603073,-0.9164035833870674,-0.20534682933039655
2016-03-31,0.9977226127358931,0.6091920702577591,0.4425560111064345,0.05638211640904489,-0.28445029166956404
2016-04-07,1.035787018036361,0.6504970249950853,0.5018261092734162,-0.22520843500635046,-0.24594202915415797
2016-04-14,0.9391715151637041,0.6409340725796779,0.3055838159703816,-0.6838928093536067,-0.3566732847042762
2016-04-21,0.776608697869258,0.6580741562927751,0.44407396626897994,-0.9020227899350801,-0.259533071203933
2016-04-28,0.6042982610613377,0.6225790180935973,0.16275693578324274,-1.0682458806177602,-0.18098933738684958
2016-05-05,0.5167350752273014,0.6687512527389301,0.49126757585560965,-1.107508037103659,-0.20667016224561346
2016-05-12,0.4781546588837096,0.6490198370917528,0.32340245541384965,-1.0984390686403411,-0.30447204220360147
2016-05-19,0.677545845735392,0.6980009109257405,0.3877819511141826,-0.9515245524199957,-0.26523415460687816
2016-05-26,1.3018016995460735,0.8661806507430961,0.47917137349466454,-0.17490619765298776,-0.2620018107088391
2016-06-02,1.8571638472236025,1.1209326420230372,0.2563590077518648,0.11137785312263149,-0.3436079918647488
2016-06-09,1.8906000826731733,1.1969496424779598,0.6331645422460936,0.2244742160542914,-0.06493880063034219
2016-06-16,1.8230212687422713,1.2117210243792433,0.23595983186285652,0.526373550160105,-0.16207901413068027
2016-06-23,1.8232286819594687,1.253429959154981,0.17305775721779837,0.5386803570514184,0.05806016405432857
2016-06-30,1.5377530419878402,1.2510950582349938,0.17751106856092536,0.4814281745627854,0.19183360839913866
2016-07-07,1.3169857952729824,1.2432400812316873,0.32840880879414913,0.44121084661617493,0.4047444943949776
2016-07-14,1.127616800773357,1.2029504905358515,0.1312511726936323,0.2019446165686266,0.4579892055498326
2016-07-21,0.9516613967507657,1.169053126251799,0.21181388098687048,0.04635535436579874,0.5388657616244557
2016-07-28,0.7828422775271182,1.1453900169987539,0.3549171239650628,-0.08252486979937135,0.703571353410782
2016-08-04,0.6189562825636303,1.0956325417115125,0.08791914639818688,-0.25756799526921104,0.6924490508659285
2016-08-11,0.4882654254317794,1.081035077564852,0.3563904177653694,-0.360356426335838,0.8395336729994508
2016-08-18,0.3558610403374614,1.0484160059803203,0.4145925482607261,-0.39872464158433607,0.8218447447229896
2016-08-25,0.23542892614212602,1.01760194120362,0.40323943518621,-0.5908683253430123,0.8121137337170612
2016-09-01,0.12391180218775855,0.9991350549863245,0.39190941719212424,-0.7319990604402754,0.7926856910169807
2016-09-08,0.03521100727200899,1.003684141374858,0.6688110484407885,-0.7256239455959447,0.8163555669574238
2016-09-15,-0.04672663898949725,0.9699011460585805,0.4727456455304975,-0.747588432552594,0.6785861743214623
2016-09-22,-0.1317193352384347,0.9429781786127462,0.4702081879865783,-0.7491394112580438,0.5984052640162532
2016-09-29,-0.21831076811067762,0.9448909809867203,0.8140621740923233,-0.6857047516419983,0.629303432145892
2016-10-06,-0.29774461132993757,0.9441562620004196,1.0636455398536877,-0.7090490172815507,0.58182776301766
2016-10-13,-0.3546638340792344,0.9318517138980449,1.1747200198414869,-0.6960757651346144,0.5756429394826446
2016-10-20,-0.38111003448987124,0.8981265181673515,0.9743164822785315,-0.6589698023864705,0.5083914047695861
2016-10-27,-0.3875194094201252,0.8550716491085887,0.7023128356945214,-0.5941831267096612,0.3869196488711659
2016-11-03,-0.3678020442719411,0.9226400638194687,1.4728862826269782,-0.6646878797627459,0.6220071813330236
2016-11-10,-0.23350431805898486,0.865344752435192,0.7727199081279498,-0.5259780047947303,0.3379167709566726
2016-11-17,0.04567738998544668,0.9422172970331715,1.604212874188356,-0.7132957010102605,0.625901191688651
2016-11-24,0.16820834893419345,0.852076960096247,0.6480902075101496,-0.63762626317747,0.20160662848329458
2016-12-01,0.006224561072707968,0.8455682482781082,0.7357700650190243,-0.6417017468836338,0.21964337964445513
2016-12-08,-0.14281501598290225,0.8337102959815859,0.8983545599731422,-0.6930432142790677,0.22145045269175767
2016-12-15,-0.257424613978391,0.8135201799215019,0.9087268137438129,-0.6946339855134561,0.17828457542755094
2016-12-22,-0.3369538153350426,0.7791964492677514,0.731018636565028,-0.6477224317760681,0.07509545563952208
2016-12-29,-0.37577128227187917,0.7887902734170098,1.0467219981924654,-0.6697128299505923,0.17435658576007207
2017-01-05,-0.4203903576548185,0.7764533685092989,1.1862376792712348,-0.7257072334623751,0.1700128145841649
2017-01-12,-0.24929674170749394,0.7753550459672478,1.3162944324785224,-0.6351952245456967,0.15844075121907714
2017-01-19,-0.24905555083287234,0.7403981445981695,0.9636959471517934,-0.6119305439640212,-0.02743199769090321
2017-01-26,-0.2618584601698294,0.7629864200765096,1.4986353708014548,-0.801561752628774,0.11850721785290941
2017-02-02,-0.09741023209428412,0.7715266108041805,1.6212455437125768,-0.7005075301969336,0.16233476157473498
2017-02-09,0.03284821182706782,0.7269838536797151,0.9781603510782118,-0.5439206818852382,-0.08894846968915959
2017-02-16,0.012498433664631936,0.7166736494878223,1.0274687784555172,-0.6368378182158146,-0.09430173020738486
2017-02-23,0.02832138991794364,0.7716351810174285,1.7504168166190208,-0.696774446535868,0.14693664647767263
2017-03-02,0.4821482086136921,0.8173125087793323,1.5631768826236345,-0.1940574534038334,0.0023207638490714277
2017-03-09,0.8195640134903734,0.8464261075709718,0.8444675090803823,-0.05758150582718413,-0.2280751745521743
2017-03-16,0.6342900415295951,0.9069802443248527,1.359345500762811,-0.47120606125439013,-0.08891449037732335
2017-03-23,0.5553405238781461,0.8884757565235134,1.1291719600571153,-0.5888352120006124,-0.2503877382655846
2017-03-30,0.3899806261866601,0.8893286731751054,1.1488148373518166,-0.745935660379958,0.030292401887224485
2017-04-06,0.21734896462911618,0.8659002047309087,1.0963925877691372,-0.8170335985585626,0.039709569320269256
2017-04-13,0.0923537533952028,0.847993259964125,1.1157809902203648,-0.8469760015007152,-0.031537913683950314
2017-04-20,-0.0007087097711979684,0.842660232971658,1.2460759761037017,-0.5828802308549844,0.061292507952373065
2017-04-27,-0.0926177587419521,0.8359931735000332,1.4915608816750172,-0.6109551662644699,0.05437805933605544
2017-05-04,-0.1602901700288546,0.8122407762540041,1.4403967496089383,-0.574006522227801,0.06595012270115319
2017-05-11,-0.2445883412019274,0.7835089049207202,1.328789641302508,-0.6182103410351313,-0.011032423017838022
2017-05-18,-0.26978467300033904,0.7636815259942267,1.2784469140580477,-0.5961144465848686,-0.03974171590360742
2017-05-25,-0.355894048640834,0.7634561975571108,1.2965960578136773,-0.7991529224063172,-0.07390620724314761
2017-06-01,-0.44012357267006186,0.7476602944587087,1.4469536439496176,-0.8294636366114485,-0.03146995506025263
2017-06-08,-0.5064704648445753,0.7010948370550945,1.2791494321637642,-0.8044628959907008,-0.13754359586158998
2017-06-15,-0.585024708439828,0.651407051092306,1.1727921461742103,-0.8104696995720712,-0.18679235872530875
2017-06-22,-0.6333648271332956,0.583919306294784,1.428725405141912,-1.0688612741525971,-0.11992262620882732
2017-06-29,-0.6398752495218065,0.5611597784571749,1.256579868884989,-0.8102207658959211,-0.23572727801612886
2017-07-06,-0.6636448457694895,0.5456615916587745,1.3589172102416331,-0.8852748101938674,-0.1975668383854372
2017-07-13,-0.6249822801257067,0.5097036588479121,1.1915174917557851,-0.8342220690035218,-0.2824053634394068
2017-07-20,-0.7338979976483557,0.49273257030494527,1.3413156161656261,-0.8992077073250107,-0.3097913234099798
2017-07-27,-0.8327139369755557,0.4555618412356595,1.3009530395586166,-0.8514938273149041,-0.36373168033430503
2017-08-03,-0.9025614153930627,0.39952496167825713,1.2236688564033793,-1.1697183853440167,-0.4018241613413188
2017-08-10,-0.9562019416848906,0.3722403984157766,1.1641456747163397,-0.9844754464040997,-0.49531624943526076
2017-08-17,-0.9173379029993783,0.37600150163016555,1.2242914124088093,-0.5586781136984239,-0.5172470109520336
2017-08-24,-0.9486691182554399,0.37638400373347314,1.3833119451627354,-0.5457705652982947,-0.5197837090806481
2017-08-31,-1.0168668995281933,0.34257707213396826,1.1916762370376346,-0.6911600140310654,-0.6161603181879047
2017-09-07,-0.9394422472835748,0.3826079265509227,1.687280639720181,-0.6307356968612299,-0.4493338097813923
2017-09-14,-0.5535963667699035,0.3780077066237202,1.1649115907292302,-0.2563612680131392,-0.7024920727162727
2017-09-21,-0.6435390955368697,0.35947960814276647,1.083225831569493,-0.7159775247224566,-0.7362407825473943
2017-09-28,-0.6349005324879419,0.36871330984176487,1.132978439893891,-0.7871013741189229,-0.7610560650775319
2017-10-05,-0.5818147750251189,0.3783097624531438,1.1711182818477939,-0.8639433008916712,-0.7653658569415822
2017-10-12,-0.6726042687585562,0.36858530538986267,1.1680747575526413,-0.9616586621432673,-0.7998781711658368
2017-10-19,-0.6932823304503223,0.35963668077056105,1.2279648134281846,-1.0390521301083249,-0.8348062668984894
2017-10-26,-0.7726434202731808,0.33396824430040245,1.0180455650909432,-0.927142908142644,-0.8703280704650925
2017-11-02,-0.8650143715506287,0.3488448269553593,1.3643674903471275,-0.9693617332347515,-0.7966458272677976
2017-11-09,-0.6882057759260904,0.3261994200498195,1.250755515629104,-0.833765845584433,-0.8800590814710361
2017-11-16,-0.4425039340141602,0.32677294049222877,1.2639639828337916,-0.8761697520101562,-0.8562872675950889
2017-11-23,-0.3658320355030489,0.3422694015661413,1.4359705020212756,-0.8510237225847443,-0.8185765887846312
2017-11-30,-0.10829695942254305,0.3056201703603979,0.836730625035218,-0.6194226225040279,-1.05623479868692
2017-12-07,0.21386100980446116,0.43970929475562315,2.0170954762344153,-0.4988349517473122,-0.5758110033133287
2017-12-14,0.7214654950227005,0.4253878952450989,0.9430460427421141,0.30444061862162575,-1.016335244632604
2017-12-21,0.7357745306501537,0.5067616097317982,1.3374633781341936,0.06897317598195102,-0.788933794946511
2017-12-28,0.9610166611208687,0.6033727279556473,1.7025870991562804,0.3285353880981679,-0.7736036384731265
2018-01-04,1.2171063385767695,0.7011535895278943,1.3346034463567729,0.4337444726444607,-0.9235388023081212
2018-01-11,1.2625258657452445,0.7621880407837578,1.2465469164088723,0.6425822556547589,-0.8558375067748342
2018-01-18,1.5099166058395879,0.8927646293181651,1.263728864903152,0.9408530250107174,-0.8590698506728787
2018-01-25,1.7763295397787617,0.9812867414060754,0.8081600080620808,1.5031640397681247,-0.9323363123617605
2018-02-01,1.8857932602665197,1.111128130488434,1.3970944815121191,1.7773020985228754,-0.7385396254931236
2018-02-08,1.9453773411118302,1.1826428958945294,1.3625261587420063,1.4850312437551425,-0.678066622149037
2018-02-15,2.018686447941664,1.301984687690719,1.3030976989354583,1.3361370813828304,-0.6902323933480807
2018-02-22,1.9776566798452175,1.3806872005908568,1.528695537749547,1.3263608977704116,-0.5359194790253374
2018-03-01,1.9322002025963463,1.5099113902438537,1.849498831834984,1.0241530445198417,-0.18217675305472047
2018-03-08,2.0394691639525355,1.5332362539054232,2.0431395931306495,0.7866108446045613,-0.3231445102768695
2018-03-15,2.1020595844760983,1.5886277255617955,1.5653103657074887,0.7135020014928789,-0.41302245227619583
2018-03-22,2.0738584305796297,1.6533196692593897,1.6235932292586133,0.5713699774782165,-0.21839420239075347
2018-03-29,2.1249978512878305,1.7143736098354159,1.760852796246447,0.31103505311567914,-0.2048031603409992
2018-04-05,2.0412607495162143,1.7319509229110184,1.6885127912435078,-0.13141309015372227,-0.2526266523539511
2018-04-12,1.974315738947547,1.7096760569393772,1.2589378354616718,-0.29043282850147056,-0.38424520076672786
2018-04-19,1.8901711286640561,1.7232378549527803,1.02301423992057,-0.5276603909937934,-0.3025710609871197
2018-04-26,1.771521031337393,1.7615555532684426,1.442578009417014,-0.6653985910708031,-0.17964005492614188
2018-05-03,1.6529004086836476,1.7286000758128028,1.1517632588343232,-0.7839994167080311,-0.3170276453655212
2018-05-10,1.5244399179583272,1.7215116960328751,1.2018911131042704,-0.8522184199340253,-0.30302082180735357
2018-05-17,1.434242139642979,1.7032270967198087,1.1239506874636713,-0.9010890561687608,-0.31956434349411067
2018-05-24,1.322740658648364,1.7065393036973784,1.2745188164532257,-0.9296118878990765,-0.29659011332314766
2018-05-31,1.3246398794707857,1.712648276549923,1.3220900909201916,-0.8646919533243882,-0.2214146406514288
2018-06-07,1.5611391012647504,1.7201979737935227,1.4640131500486766,-0.5408859696510482,-0.10953797851160063
2018-06-14,1.651077043952308,1.7256339193524801,1.142815421573651,-0.2852194041458318,-0.05587748584833285
2018-06-21,1.3942784370252639,1.6840469150299082,1.1257019402751962,-0.039489837123454,-0.0029805975781822536
2018-06-28,1.213580493638194,1.6622572748847633,1.536279003068806,-0.43864383553828334,0.1746203904884176
2018-07-05,1.0142790583080248,1.5695940418082506,1.212801874444473,-0.7136103384332106,0.17430654691554914
2018-07-12,0.8689994607683297,1.541568929640135,1.3943506083695314,-0.877059990439012,0.34370373276244615
2018-07-19,0.7610216818744782,1.478361190962081,1.4272220105802131,-0.9695829042887614,0.4379254459376697
2018-07-26,0.6525422788413167,1.42743330754596,1.4225400217464776,-1.056821755771994,0.4724377601619091
2018-08-02,0.5211967203442556,1.3612932433219083,1.4450858278344585,-1.1155636867427663,0.5224501274187349
2018-08-09,0.3959781487034958,1.3121023949924786,1.4452036786551048,-1.0870806475413826,0.5361091280921726
2018-08-16,0.2817394003849053,1.2558755401242494,1.3298020478280173,-1.1170369317946185,0.4965573969225862
2018-08-23,0.19239202870104355,1.2247289687492295,1.6155761560387245,-1.1207043117088769,0.5810480990918512
2018-08-30,0.1037187457186145,1.1684823378790608,1.3444544057026824,-1.1368850175424505,0.45662386355642837
2018-09-06,0.015005041237785899,1.140083801047124,1.4383376301464237,-1.1804715914106638,0.45804913440718004
2018-09-13,-0.06576275755118188,1.1159790501491849,1.5543943350140554,-1.2130958180650184,0.4940206987940023
2018-09-20,-0.1492097184569876,1.0769580709985602,1.4799600761067557,-1.2273970264591219,0.47712935422250036
2018-09-27,-0.2151853586656306,1.0698998308344005,1.5740351872896932,-1.2170917167133046,0.5044813348812522
2018-10-04,-0.2821605807729347,1.0703837333909536,1.8474265632382174,-1.2222045790572746,0.55335962198568
